"","playerID","fg_playerID","POS","inducted","play_era","PO","A","E","DP","Pitching Triple Crown","300_wins","3000_so","300_sv","ped_use","Name","W","L","ERA","WAR","G","GS","CG","ShO","SV","BS","IP","TBF","H","R","ER","HR","BB","IBB","HBP","WP","BK","SO","K/9","BB/9","K/BB","H/9","HR/9","AVG","WHIP","BABIP","LOB%","FIP","ERA-","FIP-","E-F","K/9+","BB/9+","K/BB+","H/9+","HR/9+","AVG+","WHIP+","BABIP+","LOB%+","all_star_appearances","num_gold_gloves","num_cy_young","num_mvp","num_ws_mvp"
"1","kershcl01",2036,"SP",0,"Modern",73,358,11,15,1,"No","No","No","No","Clayton Kershaw",197,87,2.48,73.4,401,398,25,15,0,0,2581,10160,1955,777,711,206,629,27,39,95,22,2807,9.79,2.19,4.46,6.82,0.72,0.206,1,0.27,0.791,2.76,64,68,-0.28,124,68,181,79,67,83,76,92,109,9,1,3,1,0
"2","kimbrcr01",6655,"RP",0,"Modern",28,43,2,2,0,"No","No","Yes","No","Craig Kimbrel",41,36,2.31,20.2,709,0,0,0,394,48,688.1,2747,398,196,177,56,280,9,31,63,2,1098,14.36,3.66,3.92,5.2,0.73,0.163,0.98,0.267,0.814,2.34,57,58,-0.03,179,117,153,61,65,66,76,91,112,8,0,0,0,0
"3","scherma01",3137,"SP",0,"Modern",141,198,16,14,0,"No","Yes","No","No","Max Scherzer",201,102,3.11,70.3,430,421,12,5,0,0,2682,10831,2180,998,927,300,701,20,107,74,7,3193,10.71,2.35,4.55,7.32,1.01,0.217,1.07,0.288,0.775,3.1,75,75,0.01,135,73,184,84,94,87,81,98,107,8,0,3,0,0
"4","verlaju01",8700,"SP",0,"Modern",177,304,34,30,1,"No","Yes","No","No","Justin Verlander",244,133,3.24,78,482,482,26,9,0,0,3163,12880,2654,1235,1139,322,880,27,104,90,19,3198,9.1,2.5,3.63,7.55,0.92,0.223,1.12,0.278,0.754,3.36,76,79,-0.12,121,79,153,85,82,88,83,94,105,8,0,2,1,0
"5","chapmar01",10233,"RP",0,"Modern",19,44,11,1,0,"No","No","Yes","No","Aroldis Chapman",44,35,2.48,20.1,667,0,0,0,315,38,640,2599,366,191,176,42,318,5,30,68,2,1045,14.7,4.47,3.29,5.15,0.59,0.163,1.07,0.278,0.798,2.35,61,56,0.13,183,144,127,60,54,65,82,94,110,7,0,0,0,0
"6","salech01",10603,"SP",0,"Modern",68,155,4,10,0,"No","No","No","No","Chris Sale",114,75,3.03,45.5,323,243,16,3,12,3,1678,6752,1362,612,565,178,387,15,103,38,1,2064,11.07,2.08,5.33,7.31,0.95,0.218,1.04,0.295,0.774,2.92,71,69,0.11,139,68,207,83,83,87,79,100,106,7,0,0,0,0
"7","hernafe02",4772,"SP",0,"Modern",188,321,19,28,0,"No","No","No","No","Felix Hernandez",169,136,3.42,54,419,418,25,11,0,0,2729.2,11283,2487,1157,1037,264,805,16,105,156,7,2524,8.32,2.65,3.14,8.2,0.87,0.24,1.21,0.293,0.74,3.52,84,85,-0.11,115,84,136,92,80,94,90,99,103,6,0,1,0,0
"8","rodrifr03",1642,"RP",0,"Modern",70,65,4,3,0,"No","No","Yes","No","Francisco Rodriguez",52,53,2.86,16.3,948,0,0,0,437,76,976,4011,738,336,310,98,389,42,17,68,2,1142,10.53,3.59,2.94,6.81,0.9,0.205,1.15,0.271,0.803,3.31,69,80,-0.45,152,112,135,76,89,80,85,92,112,6,0,0,0,0
"9","darviyu01",13074,"SP",0,"Modern",96,109,5,12,0,"No","No","No","No","Yu Darvish",95,75,3.5,32,242,242,2,1,0,0,1488,6104,1195,609,579,187,479,8,66,76,5,1788,10.81,2.9,3.73,7.23,1.13,0.215,1.13,0.281,0.765,3.46,83,82,0.04,132,92,144,84,97,87,86,96,105,5,0,0,0,0
"10","lestejo01",4930,"SP",0,"Modern",147,266,20,18,0,"No","No","No","No","Jon Lester",200,117,3.66,46.2,452,451,15,4,0,0,2740,11487,2610,1215,1114,294,892,13,90,63,1,2488,8.17,2.93,2.79,8.57,0.97,0.248,1.28,0.3,0.747,3.78,86,92,-0.12,108,91,117,98,88,99,96,102,103,5,0,0,0,0
"11","priceda01",3184,"SP",0,"Modern",82,227,13,12,0,"No","No","No","No","David Price",157,82,3.32,42.5,400,322,17,3,3,2,2143.2,8807,1930,865,790,221,562,16,63,40,5,2076,8.72,2.36,3.69,8.1,0.93,0.236,1.16,0.29,0.753,3.39,81,83,-0.07,114,75,149,92,85,94,88,99,104,5,0,1,0,0
"12","bumgama01",5524,"SP",0,"Modern",55,239,16,10,0,"No","No","No","No","Madison Bumgarner",134,121,3.42,32.6,354,351,16,7,0,0,2192.2,9008,1981,913,834,254,529,38,88,29,8,2060,8.46,2.17,3.89,8.13,1.04,0.236,1.14,0.284,0.751,3.59,88,93,-0.17,105,69,153,95,98,96,88,97,103,4,0,0,0,1
"13","colonba01",375,"SP",0,"Modern",188,456,48,47,0,"No","No","No","Yes","Bartolo Colon",247,188,4.12,51,565,552,38,13,0,0,3461.2,14655,3593,1719,1584,439,948,47,64,45,6,2535,6.59,2.46,2.67,9.34,1.14,0.263,1.31,0.296,0.723,4.15,95,96,-0.03,97,74,128,103,105,102,96,100,101,4,0,1,0,0
"14","greinza01",1943,"SP",0,"Modern",329,462,9,60,0,"No","No","No","No","Zack Greinke",223,141,3.42,65.5,556,514,17,5,1,0,3247,13284,3049,1328,1235,342,739,25,75,99,6,2882,7.99,2.05,3.9,8.45,0.95,0.245,1.17,0.293,0.749,3.47,81,84,-0.04,106,64,165,96,88,97,88,100,104,4,6,1,0,0
"15","hamelco01",4972,"SP",0,"Modern",113,323,21,14,0,"No","No","No","No","Cole Hamels",163,122,3.43,51.6,423,422,17,7,0,0,2698,11115,2424,1103,1027,310,767,43,100,57,14,2560,8.54,2.56,3.34,8.09,1.03,0.237,1.18,0.287,0.766,3.68,82,88,-0.26,113,81,141,92,100,94,89,97,106,4,0,0,0,1
"16","melanma01",4264,"RP",0,"Modern",72,110,4,16,0,"No","No","No","No","Mark Melancon",37,40,2.94,11.9,732,0,0,0,262,43,726.2,2981,657,276,237,44,192,23,25,44,0,643,7.96,2.38,3.35,8.14,0.54,0.238,1.17,0.295,0.736,3.04,73,76,-0.1,99,74,131,95,51,96,89,101,101,4,0,0,0,0
"17","cainma01",4732,"SP",0,"Modern",131,229,17,16,0,"No","No","No","No","Matt Cain",104,118,3.68,28.1,342,331,15,6,0,0,2085.2,8699,1849,910,853,211,712,42,62,70,4,1694,7.31,3.07,2.38,7.98,0.91,0.233,1.23,0.272,0.736,3.92,93,99,-0.23,101,94,107,90,92,92,91,92,102,3,0,0,0,0
"18","daviswa01",7441,"RP",0,"Modern",78,85,7,14,0,"No","No","No","No","Wade Davis",63,55,3.94,13.7,557,88,2,1,141,20,990.1,4199,895,458,433,104,389,11,32,46,0,929,8.44,3.54,2.39,8.13,0.95,0.237,1.3,0.288,0.733,3.86,95,94,0.07,111,112,98,93,88,94,98,98,101,3,0,0,0,0
"19","handbr01",9111,"RP",0,"Modern",21,87,5,4,0,"No","No","No","No","Brad Hand",35,52,3.62,7.6,519,43,0,0,131,33,718.1,3030,619,323,289,74,275,23,41,26,1,723,9.06,3.45,2.63,7.76,0.93,0.228,1.24,0.284,0.736,3.78,92,96,-0.16,109,110,102,90,88,92,95,96,101,3,0,0,0,0
"20","hendrli01",3548,"RP",0,"Modern",43,47,2,1,0,"No","No","No","No","Liam Hendriks",31,34,3.81,13.8,471,44,1,0,115,24,645,2687,614,305,273,76,158,16,19,42,0,724,10.1,2.2,4.58,8.57,1.06,0.245,1.2,0.315,0.71,3.25,92,79,0.56,122,71,173,98,93,98,91,107,98,3,0,0,0,0
"21","hollagr01",7196,"RP",0,"Modern",44,42,2,5,0,"No","No","No","No","Greg Holland",30,28,3.14,11.8,556,0,0,0,220,32,547.2,2271,417,211,191,43,241,20,7,50,2,677,11.13,3.96,2.81,6.85,0.71,0.206,1.2,0.287,0.751,3.03,74,73,0.11,142,126,112,79,62,83,92,98,103,3,0,0,0,0
"22","janseke01",3096,"RP",0,"Modern",34,27,5,3,0,"No","No","Yes","No","Kenley Jansen",42,28,2.46,22.3,766,0,0,0,391,52,769,3040,495,225,210,71,226,15,28,18,11,1107,12.96,2.64,4.9,5.79,0.83,0.178,0.94,0.264,0.807,2.44,63,61,0.02,160,83,192,68,78,72,72,90,111,3,0,0,0,0
"23","kazmisc01",4897,"SP",0,"Modern",61,159,25,5,0,"No","No","No","No","Scott Kazmir",108,97,4.02,25.1,303,301,3,1,0,0,1701,7308,1611,830,760,193,687,17,68,74,6,1618,8.56,3.63,2.36,8.52,1.02,0.246,1.35,0.299,0.733,4.02,98,97,0,123,115,107,94,99,96,100,101,102,3,0,0,0,0
"24","klubeco01",2429,"SP",0,"Modern",115,128,5,8,0,"No","No","No","No","Corey Kluber",113,71,3.31,39.1,256,251,18,8,0,0,1586.2,6431,1417,637,584,160,347,9,61,30,2,1683,9.55,1.97,4.85,8.04,0.91,0.235,1.11,0.301,0.742,3.09,80,75,0.22,119,64,184,93,80,95,85,102,102,3,0,2,0,0
"25","perkigl01",8041,"RP",0,"Modern",19,86,4,3,0,"No","No","No","No","Glen Perkins",35,25,3.88,7.7,409,44,0,0,120,22,624.1,2635,646,290,269,74,158,13,22,21,2,504,7.27,2.28,3.19,9.31,1.07,0.263,1.29,0.305,0.742,3.9,92,94,-0.02,101,72,136,104,104,103,95,103,103,3,0,0,0,0
"26","rodnefe01",494,"RP",0,"Modern",59,103,8,5,0,"No","No","Yes","No","Fernando Rodney",48,71,3.8,8.6,951,0,0,0,327,77,933,4064,817,433,394,73,464,38,52,65,3,943,9.1,4.48,2.03,7.88,0.7,0.23,1.37,0.294,0.731,3.77,90,90,0.03,124,141,88,88,64,90,102,100,102,3,0,0,0,0
"27","strasst01",10131,"SP",0,"Modern",97,131,11,5,0,"No","No","No","No","Stephen Strasburg",113,62,3.24,36.6,247,247,2,2,0,0,1470,5962,1217,582,530,149,394,20,53,44,4,1723,10.55,2.41,4.37,7.45,0.91,0.221,1.1,0.293,0.743,3.02,80,75,0.23,131,76,171,87,88,89,84,99,102,3,0,0,0,1
"28","wainwad01",2233,"SP",0,"Modern",228,312,10,28,0,"No","No","No","No","Adam Wainwright",195,117,3.38,48,457,390,28,11,3,2,2567.1,10632,2426,1028,964,213,695,40,80,50,4,2147,7.53,2.44,3.09,8.5,0.75,0.246,1.22,0.295,0.749,3.45,84,85,-0.07,97,75,129,98,70,99,92,100,103,3,2,0,0,0
"29","weaveje02",4235,"SP",0,"Modern",103,172,16,8,0,"No","No","No","No","Jered Weaver",150,98,3.63,30.4,331,331,14,8,0,0,2067.1,8531,1912,879,833,262,551,17,55,37,3,1621,7.06,2.4,2.94,8.32,1.14,0.241,1.19,0.273,0.762,4.07,89,100,-0.44,99,76,131,93,108,94,89,92,106,3,0,0,0,0
"30","archech01",6345,"SP",0,"Modern",61,111,14,8,0,"No","No","No","No","Chris Archer",63,89,3.93,20.8,243,240,3,3,0,0,1357,5723,1232,654,592,165,476,8,41,72,0,1454,9.64,3.16,3.05,8.17,1.09,0.237,1.26,0.297,0.721,3.72,98,92,0.21,119,103,116,94,94,95,96,101,99,2,0,0,0,0
"31","brittza01",3240,"RP",0,"Modern",30,116,7,9,0,"No","No","No","No","Zack Britton",35,26,3.13,9.8,442,46,0,0,154,20,641,2652,546,255,223,39,264,13,12,48,0,532,7.47,3.71,2.02,7.67,0.55,0.23,1.26,0.281,0.739,3.54,75,83,-0.4,96,120,79,88,51,91,96,96,102,2,0,0,0,0
"32","broxtjo01",4759,"RP",0,"Modern",37,83,2,2,0,"No","No","No","No","Jonathan Broxton",43,38,3.41,10.6,694,0,0,0,118,56,676,2836,580,285,256,51,268,34,20,21,0,758,10.09,3.57,2.83,7.72,0.68,0.228,1.25,0.304,0.732,3.14,84,77,0.26,140,110,129,87,68,90,93,103,101,2,0,0,0,0
"33","buchhcl01",3543,"SP",0,"Modern",141,135,16,8,0,"No","No","No","No","Clay Buchholz",90,69,3.98,16.1,236,218,10,6,0,0,1332.1,5607,1272,644,589,139,458,11,49,30,4,1024,6.92,3.09,2.24,8.59,0.94,0.249,1.3,0.288,0.716,4.07,93,100,-0.1,93,99,94,97,87,99,98,98,99,2,0,0,0,0
"34","clippty01",5640,"RP",0,"Modern",28,60,6,8,0,"No","No","No","No","Tyler Clippard",56,48,3.16,8.6,807,14,0,0,74,58,872.1,3575,625,327,306,112,344,19,32,48,6,956,9.86,3.55,2.78,6.45,1.16,0.195,1.11,0.241,0.798,3.89,77,95,-0.73,127,112,112,74,110,78,84,82,110,2,0,0,0,0
"35","corbipa01",9323,"SP",0,"Modern",71,237,5,11,0,"No","No","No","No","Patrick Corbin",87,103,4.31,22.3,278,260,6,2,2,0,1537.2,6592,1600,796,736,205,468,22,41,52,1,1466,8.58,2.74,3.13,9.36,1.2,0.263,1.34,0.316,0.721,3.96,102,95,0.35,102,84,121,110,106,107,103,108,99,2,0,0,0,0
"36","cuetojo01",6893,"SP",0,"Modern",181,277,27,16,0,"No","No","No","No","Johnny Cueto",143,107,3.44,32.5,355,353,18,8,0,0,2192.2,9105,2029,910,839,232,619,21,117,36,17,1812,7.44,2.54,2.93,8.33,0.95,0.242,1.21,0.284,0.76,3.85,85,94,-0.4,95,79,120,96,93,97,91,97,105,2,0,0,0,0
"37","gonzagi01",7448,"SP",0,"Modern",79,250,10,11,0,"No","No","No","No","Gio Gonzalez",131,101,3.7,32.2,344,328,4,2,0,0,1933,8242,1744,857,795,171,815,21,50,59,4,1860,8.66,3.79,2.28,8.12,0.8,0.236,1.32,0.294,0.739,3.68,91,91,0.02,113,120,94,93,76,95,100,100,102,2,0,0,0,0
"38","keuchda01",9434,"SP",0,"Modern",95,309,10,24,0,"No","No","No","No","Dallas Keuchel",101,91,3.98,20.6,268,257,12,4,0,0,1588,6704,1594,760,702,169,489,11,37,58,0,1218,6.9,2.77,2.49,9.03,0.96,0.258,1.31,0.297,0.722,3.98,98,96,-0.01,85,89,95,104,84,104,100,101,99,2,5,1,0,0
"39","lynnla01",2520,"SP",0,"Modern",74,129,12,10,0,"No","No","No","No","Lance Lynn",123,84,3.52,31.3,309,285,4,2,1,1,1705.1,7201,1554,725,667,171,593,20,76,55,0,1715,9.05,3.13,2.89,8.2,0.9,0.238,1.26,0.298,0.755,3.61,86,88,-0.09,111,100,111,95,81,96,96,101,104,2,0,0,0,0
"40","millean01",6785,"RP",0,"Modern",34,68,10,4,0,"No","No","No","No","Andrew Miller",55,55,4.03,12.8,612,66,0,0,63,17,829,3619,732,413,371,80,383,14,61,44,2,979,10.63,4.16,2.56,7.95,0.87,0.231,1.34,0.308,0.717,3.63,94,87,0.39,138,128,105,90,80,91,100,105,99,2,0,0,0,0
"41","mortoch02",4676,"SP",0,"Modern",88,179,19,10,0,"No","No","No","No","Charlie Morton",116,101,4.03,26.6,323,322,3,2,0,0,1797,7684,1687,890,805,166,639,22,156,63,5,1697,8.5,3.2,2.66,8.45,0.83,0.245,1.29,0.303,0.708,3.77,101,94,0.26,104,100,104,98,76,99,98,103,97,2,0,0,0,0
"42","santaer01",3200,"SP",0,"Modern",196,194,16,23,0,"No","No","No","Yes","Ervin Santana",151,129,4.11,28,425,386,21,11,0,0,2486.2,10482,2391,1221,1135,331,776,35,104,104,11,1978,7.16,2.81,2.55,8.65,1.2,0.249,1.27,0.282,0.73,4.31,98,104,-0.21,99,90,111,97,111,97,95,96,101,2,0,0,0,0
"43","soriajo01",6941,"RP",0,"Modern",53,92,3,8,0,"No","No","No","No","Joakim Soria",36,45,3.11,15.4,773,1,0,0,229,56,763,3146,633,279,264,67,231,18,27,33,8,831,9.8,2.72,3.6,7.47,0.79,0.219,1.13,0.284,0.768,3.12,73,74,0,129,85,152,85,70,87,85,96,106,2,0,0,0,0
"44","streehu01",8258,"RP",0,"Modern",43,97,5,8,0,"No","No","Yes","No","Huston Street",42,34,2.95,10.6,668,0,0,0,324,52,680,2718,542,237,223,70,183,37,8,20,1,665,8.8,2.42,3.63,7.17,0.93,0.214,1.07,0.263,0.781,3.33,71,81,-0.38,125,78,164,80,95,84,79,89,108,2,0,0,0,0
"45","teherju01",6797,"SP",0,"Modern",85,222,6,18,0,"No","No","No","No","Julio Teheran",78,77,3.8,12.9,240,236,5,3,0,0,1396.1,5829,1232,635,590,189,477,22,67,27,6,1207,7.78,3.07,2.53,7.94,1.22,0.233,1.22,0.268,0.755,4.34,93,109,-0.54,96,97,97,92,115,94,94,91,103,2,0,0,0,0
"46","zimmejo02",4505,"SP",0,"Modern",104,197,14,8,0,"No","No","No","No","Jordan Zimmermann",95,91,4.07,25.4,279,275,8,4,0,0,1614,6766,1673,789,730,195,346,12,60,25,2,1271,7.09,1.93,3.67,9.33,1.09,0.263,1.25,0.302,0.714,3.87,99,95,0.21,91,62,145,107,102,105,95,102,98,2,0,0,0,0
"47","arrieja01",4153,"SP",0,"Modern",136,254,31,24,0,"No","No","No","No","Jake Arrieta",115,93,3.98,23.6,285,279,6,5,0,0,1612.1,6755,1450,787,713,181,571,23,64,79,1,1433,8,3.19,2.51,8.09,1.01,0.237,1.25,0.282,0.709,4,96,95,-0.02,100,100,99,94,91,96,95,96,98,1,0,1,0,0
"48","arroybr01",978,"SP",0,"Modern",221,325,16,22,0,"No","No","No","No","Bronson Arroyo",148,137,4.28,21.6,419,383,16,6,1,0,2435.2,10338,2507,1260,1158,347,661,60,105,42,6,1571,5.8,2.44,2.38,9.26,1.28,0.262,1.3,0.282,0.722,4.6,100,108,-0.32,83,74,112,103,127,103,96,96,100,1,1,0,0,0
"49","brachbr01",6627,"RP",0,"Modern",30,56,9,9,0,"No","No","No","No","Brad Brach",38,29,3.55,4.6,531,0,0,0,34,23,552.2,2351,475,246,218,57,264,23,8,30,3,589,9.59,4.3,2.23,7.74,0.93,0.228,1.34,0.292,0.751,3.83,87,92,-0.28,119,138,86,90,85,92,102,99,103,1,0,0,0,0
"50","cahiltr01",6249,"RP",0,"Modern",81,269,15,12,0,"No","No","No","No","Trevor Cahill",86,99,4.26,10.6,361,233,3,2,1,2,1507.2,6460,1447,774,713,170,615,12,63,100,4,1151,6.87,3.67,1.87,8.64,1.01,0.25,1.37,0.286,0.716,4.39,103,107,-0.14,89,116,77,98,94,100,103,97,99,1,0,0,0,0
"51","dukeza01",3840,"RP",0,"Modern",81,243,9,20,0,"No","No","No","No","Zach Duke",69,91,4.31,15.4,570,169,6,3,4,12,1360,5915,1554,714,651,132,419,31,45,32,8,854,5.65,2.77,2.04,10.28,0.87,0.285,1.45,0.318,0.711,4.15,104,99,0.16,77,85,91,115,86,112,107,108,99,1,0,0,0,0
"52","eovalna01",9132,"SP",0,"Modern",95,170,5,14,0,"No","No","No","No","Nathan Eovaldi",67,68,4.16,19.7,240,221,2,1,0,1,1257.2,5355,1307,619,581,140,356,16,35,43,0,1060,7.59,2.55,2.98,9.35,1,0.263,1.32,0.31,0.718,3.83,102,95,0.33,93,83,113,109,90,107,102,106,99,1,0,0,0,0
"53","estrama01",1118,"RP",0,"Modern",46,114,3,3,0,"No","No","No","No","Marco Estrada",62,68,4.29,11.5,283,194,0,0,0,4,1251.1,5220,1125,626,596,199,395,6,26,29,4,1094,7.87,2.84,2.77,8.09,1.43,0.234,1.21,0.264,0.726,4.45,104,107,-0.16,100,93,108,93,136,94,93,90,100,1,0,0,0,0
"54","familje01",5114,"RP",0,"Modern",27,65,6,4,0,"No","No","No","No","Jeurys Familia",34,28,3.51,5.7,547,1,0,0,125,36,543,2328,481,235,212,42,253,27,18,31,0,568,9.41,4.19,2.25,7.97,0.7,0.234,1.35,0.303,0.746,3.56,89,88,-0.05,113,131,85,94,62,95,104,103,103,1,0,0,0,0
"55","gallayo01",8173,"SP",0,"Modern",119,229,7,20,0,"No","No","No","No","Yovani Gallardo",121,101,4.06,21.1,319,307,4,3,1,0,1816.2,7793,1770,878,820,205,710,26,24,78,1,1584,7.85,3.52,2.23,8.77,1.02,0.251,1.37,0.297,0.733,4.04,99,98,0.02,105,112,94,100,101,100,103,101,101,1,0,0,0,0
"56","grillja01",521,"RP",0,"Modern",29,79,8,6,0,"No","No","No","No","Jason Grilli",34,47,4.22,6.2,595,16,1,0,79,21,684.2,2969,644,339,321,76,292,26,34,29,0,694,9.12,3.84,2.38,8.47,1,0.244,1.37,0.303,0.731,3.96,98,93,0.25,124,120,102,94,92,95,101,102,102,1,0,0,0,0
"57","happja01",7410,"SP",0,"Modern",52,192,8,2,0,"No","No","No","No","J.A. Happ",133,100,4.13,21.7,354,328,4,3,0,0,1893.2,8048,1822,919,868,261,668,16,41,47,5,1661,7.89,3.17,2.49,8.66,1.24,0.248,1.31,0.288,0.744,4.29,100,103,-0.16,100,100,99,99,111,99,100,98,103,1,0,0,0,0
"58","hugheph01",7450,"SP",0,"Modern",49,94,3,4,0,"No","No","No","No","Phil Hughes",88,79,4.52,17.7,290,211,5,1,3,3,1291,5496,1384,684,648,191,313,12,32,33,3,1040,7.25,2.18,3.32,9.65,1.33,0.269,1.31,0.304,0.715,4.22,108,100,0.29,99,69,139,109,126,106,99,103,99,1,0,0,0,0
"59","jacksed01",1841,"SP",0,"Modern",144,187,31,17,0,"No","No","No","No","Edwin Jackson",107,133,4.78,17.6,412,318,5,3,1,2,1960,8569,2094,1135,1040,249,779,39,39,108,8,1508,6.92,3.58,1.94,9.62,1.14,0.27,1.47,0.308,0.693,4.48,115,108,0.3,95,112,84,108,110,106,109,104,96,1,0,0,0,0
"60","jimenub01",3374,"SP",0,"Modern",115,226,19,19,0,"No","No","No","No","Ubaldo Jimenez",114,117,4.34,29,329,315,9,3,1,0,1870,8094,1757,968,901,186,848,31,78,93,6,1720,8.28,4.08,2.03,8.46,0.9,0.245,1.39,0.299,0.708,4.05,101,95,0.29,111,129,87,96,84,97,105,101,98,1,0,0,0,0
"61","johnsji04",3656,"RP",0,"Modern",39,106,7,9,0,"No","No","No","No","Jim Johnson",38,46,3.79,6.1,674,2,0,0,178,51,704.2,3000,704,330,297,54,237,27,36,33,3,531,6.78,3.03,2.24,8.99,0.69,0.258,1.34,0.303,0.718,3.76,91,90,0.03,90,96,94,102,64,102,100,103,99,1,0,0,0,0
"62","lackejo01",1507,"SP",0,"Modern",222,299,28,29,0,"No","No","No","No","John Lackey",188,147,3.92,43.2,448,446,18,8,0,0,2840.1,12030,2862,1347,1236,319,815,32,133,125,12,2294,7.27,2.58,2.81,9.07,1.01,0.258,1.29,0.3,0.732,3.94,91,94,-0.03,104,81,128,100,96,100,95,102,102,1,0,0,0,0
"63","liriafr01",3201,"SP",0,"Modern",45,239,11,18,0,"No","No","No","No","Francisco Liriano",112,114,4.15,23.9,419,300,3,1,1,4,1813.2,7781,1649,911,837,184,816,15,62,100,8,1815,9.01,4.05,2.22,8.18,0.91,0.239,1.36,0.299,0.712,3.88,101,95,0.27,121,130,93,93,85,95,102,101,98,1,0,0,0,0
"64","mikolmi01",9803,"SP",0,"Modern",59,95,5,7,0,"No","No","No","No","Miles Mikolas",45,40,3.7,9.8,143,115,3,2,0,1,723,2969,688,323,297,86,145,7,34,11,5,536,6.67,1.8,3.7,8.56,1.07,0.247,1.15,0.278,0.729,3.96,92,98,-0.27,78,57,139,101,94,101,89,95,100,1,0,0,0,0
"65","mileywa01",8779,"SP",0,"Modern",54,219,13,12,0,"No","No","No","No","Wade Miley",99,94,4.13,19.1,292,285,3,2,0,0,1618,6944,1663,797,742,178,563,10,41,56,7,1280,7.12,3.13,2.27,9.25,0.99,0.262,1.38,0.304,0.729,4.1,99,100,0.03,88,101,87,107,91,106,106,104,100,1,0,0,0,0
"66","millesh01",10197,"SP",0,"Modern",43,57,7,4,0,"No","No","No","No","Shelby Miller",38,58,4.21,7.4,167,132,5,5,0,1,778,3350,755,394,364,86,312,18,20,17,3,644,7.45,3.61,2.06,8.73,0.99,0.25,1.37,0.292,0.717,4.18,105,108,0.03,95,119,79,101,102,101,106,99,98,1,0,0,0,0
"67","moorema02",1890,"RP",0,"Modern",38,112,11,7,0,"No","No","No","No","Matt Moore",61,62,4.45,9.6,268,164,1,1,5,2,1041.2,4533,1012,554,515,132,445,18,36,66,3,952,8.23,3.84,2.14,8.74,1.14,0.25,1.4,0.296,0.718,4.33,108,106,0.12,103,123,84,101,99,100,106,101,99,1,0,0,0,0
"68","odayda01",3321,"RP",0,"Modern",29,66,7,5,0,"No","No","No","No","Darren O'Day",42,21,2.59,8.8,644,0,0,0,21,25,609,2461,458,189,175,64,172,24,50,3,3,637,9.41,2.54,3.7,6.77,0.95,0.205,1.03,0.256,0.832,3.48,61,82,-0.9,123,81,151,77,87,81,78,87,115,1,0,0,0,0
"69","odorija01",6397,"SP",0,"Modern",62,95,9,7,0,"No","No","No","No","Jake Odorizzi",74,69,3.99,15.9,241,237,0,0,1,0,1253.1,5275,1137,594,555,171,427,9,35,20,2,1172,8.42,3.07,2.74,8.16,1.23,0.236,1.25,0.278,0.739,4.16,97,101,-0.18,102,99,103,94,105,95,95,94,102,1,0,0,0,0
"70","perezma02",6902,"SP",0,"Modern",45,141,9,11,0,"No","No","No","No","Martin Perez",75,77,4.43,15.6,253,223,4,3,0,1,1299,5644,1409,715,640,142,470,10,41,39,11,909,6.3,3.26,1.93,9.76,0.98,0.274,1.45,0.31,0.7,4.35,99,100,0.09,76,104,73,113,80,110,110,106,96,1,0,0,0,0
"71","pinedmi01",5372,"SP",0,"Modern",43,102,8,5,0,"No","No","No","Yes","Michael Pineda",64,61,4.06,17.9,181,180,1,0,0,0,1008.2,4189,990,488,455,144,221,4,24,37,2,966,8.62,1.97,4.37,8.83,1.28,0.251,1.2,0.299,0.723,3.81,97,90,0.25,109,63,170,101,109,100,91,102,100,1,0,0,0,0
"72","pomerdr01",11426,"RP",0,"Modern",17,85,8,6,0,"No","No","No","No","Drew Pomeranz",48,58,3.91,10.9,289,140,0,0,9,4,858.1,3668,786,403,373,110,369,9,23,33,3,883,9.26,3.87,2.39,8.24,1.15,0.24,1.35,0.296,0.757,4.13,91,99,-0.21,113,123,92,95,100,96,102,100,104,1,0,0,0,0
"73","quintjo01",11423,"SP",0,"Modern",64,208,7,18,0,"No","No","No","No","Jose Quintana",89,87,3.75,32.7,315,289,2,2,0,0,1723.2,7220,1698,778,718,174,504,23,41,65,6,1532,8,2.63,3.04,8.87,0.91,0.254,1.28,0.307,0.733,3.62,91,87,0.13,98,84,116,103,80,102,98,104,101,1,0,0,0,0
"74","roberda08",8241,"RP",0,"Modern",42,43,3,1,0,"No","No","No","No","David Robertson",57,36,2.89,15.1,731,1,0,0,157,45,739.1,3047,550,253,237,65,305,31,17,44,4,977,11.89,3.71,3.2,6.7,0.79,0.202,1.16,0.288,0.793,2.92,69,69,-0.03,156,119,130,76,73,80,87,98,109,1,0,0,0,0
"75","romose01",9817,"RP",0,"Modern",19,63,3,2,0,"No","No","No","No","Sergio Romo",42,36,3.21,9.9,821,5,0,0,137,35,722.2,2919,579,275,258,85,179,21,27,22,2,789,9.83,2.23,4.41,7.21,1.06,0.213,1.05,0.269,0.766,3.33,82,84,-0.11,124,70,177,83,98,86,80,91,105,1,0,0,0,0
"76","samarje01",3254,"RP",0,"Modern",105,161,13,10,0,"No","No","No","No","Jeff Samardzija",80,106,4.15,19.7,364,241,9,4,1,5,1645.1,6891,1555,818,759,205,491,25,60,60,0,1449,7.93,2.69,2.95,8.51,1.12,0.245,1.24,0.288,0.708,3.99,104,100,0.16,101,86,117,98,106,99,95,98,97,1,0,0,0,0
"77","santihe01",4026,"RP",0,"Modern",40,96,4,8,0,"No","No","No","Yes","Hector Santiago",48,51,4.12,3.1,270,140,0,0,6,2,947,4136,877,472,434,145,440,15,50,18,10,856,8.14,4.18,1.95,8.33,1.38,0.241,1.39,0.277,0.769,4.86,101,118,-0.74,103,137,74,95,122,96,106,94,105,1,0,0,0,0
"78","shielja02",7059,"SP",0,"Modern",187,283,30,22,0,"No","No","No","No","James Shields",145,139,4.01,32.3,407,405,23,9,0,0,2616,10993,2581,1267,1167,361,746,22,97,107,10,2234,7.69,2.57,2.99,8.88,1.24,0.254,1.27,0.294,0.739,4.17,98,101,-0.16,105,82,129,99,117,100,95,99,102,1,0,0,0,0
"79","smithwi04",8048,"RP",0,"Modern",13,41,4,4,0,"No","No","No","No","Will Smith",31,34,3.59,6.6,513,17,0,0,91,35,553.2,2317,481,251,221,72,206,20,14,29,3,664,10.79,3.35,3.22,7.82,1.17,0.229,1.24,0.301,0.75,3.62,88,89,-0.03,131,107,123,91,104,93,96,103,103,1,0,0,0,0
"80","vargaja01",8044,"SP",0,"Modern",58,207,9,16,0,"No","No","No","No","Jason Vargas",99,99,4.29,17.5,298,277,13,8,0,0,1643,7002,1664,826,784,216,508,28,47,25,9,1147,6.28,2.78,2.26,9.12,1.18,0.258,1.32,0.285,0.727,4.43,107,109,-0.14,83,88,94,104,109,102,100,97,100,1,0,0,0,0
"81","volqued01",3990,"SP",0,"Modern",80,171,11,6,0,"No","No","No","No","Edinson Volquez",95,89,4.45,12.6,294,273,4,2,0,0,1546.1,6797,1507,829,765,159,735,27,76,77,6,1323,7.7,4.28,1.8,8.77,0.93,0.252,1.45,0.299,0.711,4.31,112,107,0.14,103,137,75,100,92,100,110,101,98,1,0,0,0,0
"82","watsoto01",3132,"RP",0,"Modern",40,99,7,9,0,"No","No","No","No","Tony Watson",47,29,2.9,5.9,689,0,0,0,32,37,648.1,2620,528,222,209,63,174,20,33,5,0,570,7.91,2.42,3.28,7.33,0.87,0.219,1.08,0.261,0.793,3.59,73,91,-0.69,98,77,127,85,81,88,83,89,109,1,0,0,0,0
"83","youngch03",3196,"SP",0,"Modern",61,98,7,4,0,"No","No","No","No","Chris Young",79,67,3.95,13,271,221,1,0,1,1,1297.2,5480,1130,605,570,186,502,24,33,39,7,1062,7.37,3.48,2.12,7.84,1.29,0.229,1.26,0.255,0.755,4.59,97,111,-0.64,105,109,96,87,123,89,93,87,105,1,0,0,0,0
"84","alberma01",4300,"RP",0,"Modern",41,99,8,11,0,"No","No","No","No","Matt Albers",47,48,4.35,0.8,616,24,0,0,7,28,759,3288,751,399,367,87,314,30,35,29,1,571,6.77,3.72,1.82,8.91,1.03,0.256,1.4,0.291,0.717,4.5,101,105,-0.14,91,116,79,100,94,100,104,99,99,0,0,0,0,0
"85","anderbr04",8223,"SP",0,"Modern",19,205,9,11,0,"No","No","No","No","Brett Anderson",67,74,4.07,15.8,222,210,3,1,3,0,1140.1,4828,1217,572,516,115,304,13,32,20,8,772,6.09,2.4,2.54,9.61,0.91,0.271,1.33,0.306,0.705,3.97,99,95,0.1,79,75,106,109,79,108,100,104,98,0,0,0,0,0
"86","axforjo01",9059,"RP",0,"Modern",20,57,6,4,0,"No","No","No","No","John Axford",38,34,3.9,3.3,544,1,0,0,144,38,525.2,2305,485,249,228,50,261,19,16,45,0,589,10.08,4.47,2.26,8.3,0.86,0.239,1.42,0.313,0.741,3.68,96,91,0.23,131,145,90,95,86,96,108,106,102,0,0,0,0,0
"87","baileho02",8362,"SP",0,"Modern",126,147,11,6,0,"No","No","No","No","Homer Bailey",81,86,4.56,16.5,245,245,7,4,0,0,1401.2,6039,1455,756,710,175,463,31,56,42,8,1157,7.43,2.97,2.5,9.34,1.12,0.264,1.37,0.306,0.705,4.2,110,101,0.36,96,93,102,107,111,106,103,104,97,0,0,0,0,0
"88","bassan01",7982,"RP",0,"Modern",56,62,5,7,0,"No","No","No","No","Anthony Bass",16,28,3.87,2.3,360,19,1,0,15,17,504.2,2110,464,243,217,54,180,21,9,25,1,397,7.08,3.21,2.21,8.27,0.96,0.242,1.28,0.279,0.71,4.06,98,102,-0.19,87,103,84,97,91,98,98,95,97,0,0,0,0,0
"89","belisma01",1837,"RP",0,"Modern",72,109,8,8,0,"No","No","No","No","Matt Belisle",52,58,4.32,10.8,693,44,1,0,14,34,928.2,3988,1024,492,446,97,238,42,37,32,4,711,6.89,2.31,2.99,9.92,0.94,0.276,1.36,0.319,0.694,3.84,97,88,0.49,94,72,131,112,92,109,101,108,96,0,0,0,0,0
"90","benoijo01",1437,"RP",0,"Modern",48,93,4,5,0,"No","No","No","No","Joaquin Benoit",58,49,3.83,12.2,764,55,0,0,53,38,1068.2,4498,883,485,455,129,437,21,32,38,2,1058,8.91,3.68,2.42,7.44,1.09,0.219,1.24,0.265,0.74,3.99,85,92,-0.16,129,116,111,82,101,85,90,90,104,0,0,0,0,0
"91","blantjo01",4849,"RP",0,"Modern",115,195,15,17,0,"No","No","No","No","Joe Blanton",101,97,4.38,20.8,427,252,8,3,2,1,1767.2,7544,1896,914,860,223,467,44,41,41,3,1284,6.54,2.38,2.75,9.65,1.14,0.269,1.34,0.303,0.712,4.16,106,99,0.22,92,74,123,107,111,105,98,102,99,0,0,0,0,0
"92","breslcr01",4363,"RP",0,"Modern",20,58,4,3,0,"No","No","No","No","Craig Breslow",23,30,3.45,2,576,2,0,0,8,16,570.2,2428,536,250,219,56,226,18,17,25,5,442,6.97,3.56,1.96,8.45,0.88,0.245,1.34,0.285,0.755,4.1,83,102,-0.65,97,114,86,95,86,97,100,97,104,0,0,0,0,0
"93","bundydy01",12917,"SP",0,"Modern",42,56,3,6,0,"No","No","No","No","Dylan Bundy",54,65,4.74,10.1,190,162,3,1,0,0,910.2,3887,902,515,480,163,285,6,38,19,2,852,8.42,2.82,2.99,8.91,1.61,0.253,1.3,0.29,0.712,4.68,110,106,0.06,99,88,112,103,128,102,99,99,98,0,0,0,0,0
"94","carraca01",6632,"SP",0,"Modern",74,155,8,14,0,"No","No","No","No","Carlos Carrasco",104,85,3.87,27.7,283,236,11,4,2,1,1448,5997,1385,657,623,174,380,21,45,52,2,1507,9.37,2.36,3.97,8.61,1.08,0.249,1.22,0.311,0.736,3.49,93,84,0.38,116,75,153,99,93,100,93,106,102,0,0,0,0,0
"95","chacijh01",2608,"RP",0,"Modern",117,206,14,21,0,"No","No","No","No","Jhoulys Chacin",85,91,4.18,16,338,227,3,1,0,2,1435.2,6146,1335,722,666,156,586,23,56,52,3,1151,7.22,3.67,1.96,8.37,0.98,0.243,1.34,0.281,0.714,4.27,96,102,-0.09,90,115,79,97,91,98,102,96,98,0,0,0,0,0
"96","chatwty01",4338,"RP",0,"Modern",70,145,11,14,0,"No","No","No","No","Tyler Chatwood",52,60,4.45,5.9,229,143,2,1,5,3,878.2,3845,867,463,434,88,462,16,37,56,3,660,6.76,4.73,1.43,8.88,0.9,0.259,1.51,0.3,0.727,4.62,101,109,-0.18,83,147,57,103,83,104,115,102,100,0,0,0,0,0
"97","chaveje01",5448,"RP",0,"Modern",51,78,4,5,0,"No","No","No","No","Jesse Chavez",48,63,4.4,7.1,571,84,0,0,8,23,1036,4427,1059,546,506,151,327,29,26,34,1,942,8.18,2.84,2.88,9.2,1.31,0.26,1.34,0.305,0.721,4.23,106,102,0.16,103,91,113,106,118,104,102,103,99,0,0,0,0,0
"98","cishest01",6483,"RP",0,"Modern",47,67,17,4,0,"No","No","No","No","Steve Cishek",33,43,2.98,8.9,737,0,0,0,133,39,710.2,2993,565,264,235,54,288,38,59,29,4,743,9.41,3.65,2.58,7.16,0.68,0.214,1.2,0.276,0.775,3.49,74,86,-0.51,116,116,99,83,61,87,92,94,106,0,0,0,0,0
"99","cobbal01",6562,"SP",0,"Modern",94,176,14,13,0,"No","No","No","No","Alex Cobb",70,68,3.85,17.4,202,202,4,1,0,0,1160,4869,1130,544,496,120,343,15,41,44,5,967,7.5,2.66,2.82,8.77,0.93,0.252,1.27,0.297,0.721,3.8,95,92,0.05,93,85,109,101,80,101,97,101,99,0,0,0,0,0
"100","rosajo01",2047,"RP",0,"Modern",56,191,17,9,0,"No","No","No","No","Jorge De La Rosa",104,87,4.58,15.1,430,241,2,0,1,4,1522.2,6650,1510,838,775,178,688,42,58,96,11,1273,7.52,4.07,1.85,8.93,1.05,0.256,1.44,0.299,0.707,4.44,101,104,0.14,102,126,80,101,106,101,108,101,98,0,0,0,0,0
"101","detwiro01",2859,"RP",0,"Modern",45,90,3,5,0,"No","No","No","No","Ross Detwiler",30,51,4.56,2.4,307,100,1,0,2,4,752,3311,822,428,381,93,273,20,43,24,1,505,6.04,3.27,1.85,9.84,1.11,0.274,1.46,0.304,0.705,4.64,112,114,-0.08,76,104,74,113,103,110,111,103,97,0,0,0,0,0
"102","dicker.01",1245,"SP",0,"Modern",119,386,16,27,0,"No","No","No","No","R.A. Dickey",120,118,4.04,18.5,400,300,15,6,2,0,2073.2,8791,2033,1015,930,264,663,25,90,91,12,1477,6.41,2.88,2.23,8.82,1.15,0.253,1.3,0.281,0.733,4.41,97,107,-0.38,86,92,93,99,110,100,97,95,101,0,0,0,0,0
"103","diekmja01",5003,"RP",0,"Modern",17,52,9,2,0,"No","No","No","No","Jake Diekman",25,29,3.87,4.9,599,0,0,0,15,24,513.2,2274,423,259,221,43,296,20,42,39,1,660,11.56,5.19,2.23,7.41,0.75,0.218,1.4,0.308,0.716,3.64,94,88,0.24,140,167,84,86,67,88,108,105,99,0,0,0,0,0
"104","duffyda01",3542,"SP",0,"Modern",21,119,12,7,0,"No","No","No","No","Danny Duffy",68,68,3.95,16.3,234,204,1,0,1,0,1172.1,4974,1111,545,514,144,432,6,45,52,4,1048,8.05,3.32,2.43,8.53,1.11,0.247,1.32,0.293,0.752,4.17,92,101,-0.23,100,107,93,98,94,99,100,99,104,0,0,0,0,0
"105","feldmsc01",6283,"RP",0,"Modern",116,205,15,16,0,"No","No","No","No","Scott Feldman",78,84,4.43,12.4,342,204,5,3,0,2,1386.1,5936,1441,753,682,161,439,24,63,50,9,882,5.73,2.85,2.01,9.35,1.05,0.265,1.36,0.292,0.693,4.43,104,105,-0.01,78,90,86,105,100,104,101,99,96,0,0,0,0,0
"106","fiersmi01",7754,"SP",0,"Modern",79,103,15,5,0,"No","No","No","No","Mike Fiers",75,64,4.07,11,218,199,2,2,0,0,1151,4852,1119,554,521,184,340,7,49,60,2,995,7.78,2.66,2.93,8.75,1.44,0.251,1.27,0.285,0.763,4.52,98,107,-0.44,96,85,111,100,122,100,96,96,105,0,0,0,0,0
"107","garcija01",2873,"RP",0,"Modern",28,76,7,12,0,"No","No","No","No","Santiago Casilla",42,31,3.29,1.4,655,0,0,0,144,39,645.1,2745,552,253,236,58,277,33,38,56,3,583,8.13,3.86,2.1,7.7,0.81,0.227,1.28,0.276,0.781,3.94,82,100,-0.65,108,122,89,87,78,90,96,93,108,0,0,0,0,0
"108","garcija02",8137,"SP",0,"Modern",30,182,13,7,0,"No","No","No","No","Jaime Garcia",70,62,3.85,14.5,218,188,4,4,0,0,1135,4809,1128,552,485,110,369,17,23,62,7,925,7.33,2.93,2.51,8.94,0.87,0.255,1.32,0.301,0.709,3.77,97,95,0.07,94,92,102,103,84,102,100,102,97,0,0,0,0,0
"109","garzama01",3340,"SP",0,"Modern",96,129,27,2,0,"No","No","No","No","Matt Garza",93,106,4.09,22.6,290,284,10,4,1,0,1710.2,7313,1681,876,777,198,581,27,50,53,5,1380,7.26,3.06,2.38,8.84,1.04,0.252,1.32,0.291,0.706,4.11,100,100,-0.02,100,96,104,100,103,99,99,98,98,0,0,0,0,0
"110","gregelu01",4090,"RP",0,"Modern",46,129,5,8,0,"No","No","No","No","Luke Gregerson",35,36,3.15,8.8,646,0,0,0,66,46,617.1,2518,503,238,216,54,177,30,18,30,2,621,9.05,2.58,3.51,7.33,0.79,0.217,1.1,0.272,0.739,3.18,83,81,-0.03,119,82,145,84,75,87,84,93,102,0,0,0,0,0
"111","guthrje01",2072,"SP",0,"Modern",127,228,23,17,0,"No","No","No","No","Jeremy Guthrie",91,109,4.42,11.6,306,273,8,2,0,2,1765.1,7558,1862,930,867,250,510,16,88,33,5,1046,5.33,2.6,2.05,9.49,1.27,0.268,1.34,0.285,0.725,4.78,104,113,-0.36,75,83,91,106,126,105,100,96,101,0,0,0,0,0
"112","hammeja01",4538,"SP",0,"Modern",107,201,9,11,0,"No","No","No","No","Jason Hammel",96,114,4.62,20.1,377,298,2,1,4,2,1810.1,7826,1919,987,929,232,567,30,71,77,6,1428,7.1,2.82,2.52,9.54,1.15,0.267,1.37,0.305,0.703,4.26,108,102,0.36,93,89,105,108,112,106,103,103,97,0,0,0,0,0
"113","hernada01",4259,"RP",0,"Modern",34,39,3,1,0,"No","No","No","No","David Hernandez",38,47,4.12,5.7,547,27,0,0,24,32,648.2,2774,594,311,297,88,253,19,26,45,4,664,9.21,3.51,2.62,8.24,1.22,0.238,1.31,0.29,0.75,4.12,97,97,0.01,120,110,108,94,115,95,98,98,103,0,0,0,0,0
"114","hillri01",4806,"RP",0,"Modern",31,128,15,4,0,"No","No","No","No","Rich Hill",82,59,3.85,20.3,350,221,4,2,0,2,1259,5279,1065,574,538,151,482,21,73,22,8,1294,9.25,3.45,2.68,7.61,1.08,0.225,1.23,0.279,0.743,3.98,90,93,-0.14,118,105,111,87,95,90,92,95,103,0,0,0,0,0
"115","hollade01",4141,"RP",0,"Modern",57,170,26,7,0,"No","No","No","No","Derek Holland",82,83,4.62,13.3,346,228,9,8,0,3,1466,6315,1489,820,753,220,533,17,47,33,8,1241,7.62,3.27,2.33,9.14,1.35,0.26,1.38,0.297,0.709,4.55,107,107,0.07,98,103,95,104,118,103,104,101,98,0,0,0,0,0
"116","howeljp01",8245,"RP",0,"Modern",47,98,1,9,0,"No","No","No","No","J.P. Howell",36,30,3.85,4.3,547,33,0,0,22,15,619.2,2655,561,287,265,59,270,14,32,35,4,566,8.22,3.92,2.1,8.15,0.86,0.238,1.34,0.291,0.738,3.98,93,96,-0.13,117,125,94,90,82,93,99,98,103,0,0,0,0,0
"117","hudsoda01",7146,"RP",0,"Modern",39,75,8,8,0,"No","No","No","No","Daniel Hudson",59,43,3.81,10.7,479,61,3,0,32,20,789.1,3319,719,376,334,86,255,12,35,38,1,749,8.54,2.91,2.94,8.2,0.98,0.237,1.23,0.289,0.712,3.73,92,91,0.08,107,90,117,95,92,95,93,98,98,0,0,0,0,0
"118","hunteto02",1157,"RP",0,"Modern",52,114,11,11,0,"No","No","No","No","Tommy Hunter",56,46,4,7.5,494,76,2,0,22,16,893.2,3724,902,422,397,123,203,13,28,16,2,619,6.23,2.04,3.05,9.08,1.24,0.258,1.24,0.283,0.74,4.28,94,100,-0.28,82,65,125,103,117,102,93,96,102,0,0,0,0,0
"119","hutchdr01",10732,"SP",0,"Modern",25,51,3,8,0,"No","No","No","No","Drew Hutchison",38,33,4.89,4.1,135,99,2,2,0,2,587,2565,623,341,319,84,210,2,29,21,2,493,7.56,3.22,2.35,9.55,1.29,0.268,1.42,0.308,0.7,4.53,121,113,0.36,97,107,88,111,125,108,110,105,96,0,0,0,0,0
"120","kellyjo05",9761,"RP",0,"Modern",66,96,17,8,0,"No","No","No","No","Joe Kelly",51,32,3.94,6.3,408,81,0,0,6,17,767.2,3321,733,368,336,66,321,10,39,44,1,672,7.88,3.76,2.09,8.59,0.77,0.248,1.37,0.3,0.725,3.9,97,98,0.04,98,123,80,100,74,100,106,102,99,0,0,0,0,0
"121","kendrky01",6230,"SP",0,"Modern",86,219,13,14,0,"No","No","No","No","Kyle Kendrick",81,83,4.68,5.5,255,214,4,2,0,2,1289.1,5595,1424,722,671,177,371,28,64,19,6,705,4.92,2.59,1.9,9.94,1.24,0.276,1.39,0.291,0.706,4.81,116,118,-0.13,66,83,79,113,131,110,105,99,97,0,0,0,0,0
"122","kenneia01",6986,"RP",0,"Modern",94,154,11,11,0,"No","No","No","No","Ian Kennedy",104,113,4.14,15.2,481,290,2,1,66,14,1888,8025,1790,933,868,276,640,28,82,79,8,1754,8.36,3.05,2.74,8.53,1.32,0.245,1.29,0.287,0.743,4.3,102,107,-0.16,107,98,109,98,126,98,98,97,102,0,0,0,0,0
"123","leblawa01",5221,"RP",0,"Modern",46,110,2,6,0,"No","No","No","No","Wade LeBlanc",46,49,4.54,3.2,258,129,0,0,3,2,931.1,3979,977,495,470,150,283,21,23,10,2,671,6.48,2.73,2.37,9.44,1.45,0.266,1.35,0.29,0.734,4.77,114,117,-0.22,81,84,95,108,129,107,102,98,101,0,0,0,0,0
"124","lylesjo01",7593,"RP",0,"Modern",77,149,12,11,0,"No","No","No","No","Jordan Lyles",66,90,5.1,7.7,321,214,2,1,2,3,1326.1,5819,1448,820,752,198,446,16,61,50,3,1022,6.93,3.03,2.29,9.83,1.34,0.273,1.43,0.305,0.677,4.68,122,113,0.43,84,96,88,115,121,111,110,104,93,0,0,0,0,0
"125","madsory01",1852,"RP",0,"Modern",42,103,2,6,0,"No","No","No","No","Ryan Madson",61,48,3.48,12.3,740,18,0,0,91,42,869.2,3631,830,358,336,82,250,44,44,40,5,775,8.02,2.59,3.1,8.59,0.85,0.249,1.24,0.302,0.759,3.57,81,82,-0.09,111,78,141,96,79,97,91,103,105,0,0,0,0,0
"126","mccarbr01",4662,"SP",0,"Modern",73,143,8,14,0,"No","No","No","No","Brandon McCarthy",69,75,4.2,16,255,197,9,4,0,2,1223.2,5163,1268,617,571,145,323,20,28,26,3,908,6.68,2.38,2.81,9.33,1.07,0.264,1.3,0.299,0.708,4.03,101,97,0.17,91,75,120,105,106,104,97,101,98,0,0,0,0,0
"127","mcgeeja01",7550,"RP",0,"Modern",18,43,4,1,0,"No","No","No","No","Jake McGee",32,28,3.71,8.1,650,0,0,0,79,34,572.1,2359,500,254,236,70,156,17,16,24,1,613,9.64,2.45,3.93,7.86,1.1,0.229,1.15,0.286,0.728,3.48,87,83,0.23,120,78,154,92,97,92,88,97,100,0,0,0,0,0
"128","mcgowdu01",8600,"RP",0,"Modern",46,85,12,9,0,"No","No","No","No","Dustin McGowan",35,34,4.5,4.3,290,69,3,1,2,10,650.1,2818,619,357,325,78,279,21,26,46,1,540,7.47,3.86,1.94,8.57,1.08,0.246,1.38,0.285,0.696,4.46,106,106,0.04,105,121,87,95,105,96,102,96,97,0,0,0,0,0
"129","mchugco01",7531,"RP",0,"Modern",57,102,6,11,0,"No","No","No","No","Collin McHugh",67,46,3.68,15.3,305,126,1,0,1,8,934,3888,870,405,382,101,258,9,42,29,1,920,8.87,2.49,3.57,8.38,0.97,0.242,1.21,0.3,0.744,3.54,92,87,0.14,109,82,134,96,87,97,93,102,102,0,0,0,0,0
"130","milonto01",7608,"SP",0,"Modern",39,105,4,4,0,"No","No","No","No","Tommy Milone",53,52,4.6,7,196,146,2,0,3,0,944.1,4048,1028,539,483,161,227,17,21,11,1,710,6.77,2.16,3.13,9.8,1.53,0.271,1.33,0.296,0.702,4.62,113,113,-0.02,85,71,119,112,136,108,101,101,96,0,0,0,0,0
"131","minormi01",10021,"SP",0,"Modern",34,138,4,5,0,"No","No","No","No","Mike Minor",83,90,4.25,17.8,295,228,4,2,6,3,1409,5904,1350,696,665,203,416,25,43,31,1,1273,8.13,2.66,3.06,8.62,1.3,0.248,1.25,0.289,0.73,4.17,102,102,0.08,100,84,118,100,119,100,96,98,101,0,0,0,0,0
"132","morrobr01",9346,"RP",0,"Modern",41,60,4,5,0,"No","No","No","No","Brandon Morrow",51,43,3.96,12.3,334,113,4,4,40,10,859,3653,761,406,378,88,368,11,27,40,2,877,9.19,3.86,2.38,7.97,0.92,0.234,1.31,0.294,0.726,3.77,95,90,0.19,129,121,107,90,90,92,98,100,101,0,0,0,0,0
"133","mujiced01",3970,"RP",0,"Modern",29,74,6,6,0,"No","No","No","No","Edward Mujica",24,28,3.92,1.6,499,4,0,0,50,22,553,2254,562,257,241,80,89,20,7,9,5,430,7,1.45,4.83,9.15,1.3,0.26,1.18,0.292,0.734,3.94,99,100,-0.02,96,46,201,104,134,103,88,99,101,0,0,0,0,0
"134","nolasri01",3830,"SP",0,"Modern",121,184,16,12,0,"No","No","No","No","Ricky Nolasco",114,118,4.56,26.1,330,312,12,6,0,0,1887.2,8059,2045,1023,957,239,460,45,56,52,5,1513,7.21,2.19,3.29,9.75,1.14,0.271,1.33,0.312,0.691,3.97,112,98,0.59,97,69,142,111,111,108,100,106,95,0,0,0,0,0
"135","novaiv01",1994,"SP",0,"Modern",90,142,13,11,0,"No","No","No","No","Ivan Nova",90,77,4.38,13.3,240,227,10,3,1,1,1347.2,5778,1463,702,656,185,368,19,69,64,3,963,6.43,2.46,2.62,9.77,1.24,0.274,1.36,0.305,0.73,4.45,104,104,-0.07,82,78,105,112,107,109,103,103,101,0,0,0,0,0
"136","ottavad01",1247,"RP",0,"Modern",40,54,11,2,0,"No","No","No","No","Adam Ottavino",38,34,3.44,8.6,598,3,0,0,33,38,625.1,2652,533,255,239,59,274,28,35,56,2,727,10.46,3.94,2.65,7.67,0.85,0.227,1.29,0.304,0.773,3.52,77,83,-0.08,127,123,102,89,80,92,99,103,106,0,0,0,0,0
"137","peacobr01",5401,"RP",0,"Modern",27,49,7,2,0,"No","No","No","No","Brad Peacock",34,31,4.11,4.8,183,84,0,0,3,4,560,2390,490,276,256,79,241,4,21,25,2,590,9.48,3.87,2.45,7.87,1.27,0.23,1.31,0.282,0.742,4.27,101,104,-0.16,116,126,93,90,113,92,99,95,102,0,0,0,0,0
"138","pelfrmi01",5203,"SP",0,"Modern",93,197,8,16,0,"No","No","No","No","Mike Pelfrey",68,103,4.68,13.8,275,256,4,0,1,0,1476.1,6531,1687,827,767,139,542,27,81,23,9,838,5.11,3.3,1.55,10.28,0.85,0.286,1.51,0.314,0.701,4.46,115,108,0.22,69,103,67,116,81,113,113,106,97,0,0,0,0,0
"139","peralwi01",7738,"RP",0,"Modern",65,94,9,11,0,"No","No","No","No","Wily Peralta",56,61,4.29,4.2,258,139,2,1,16,3,911.1,3949,958,482,434,110,361,10,30,36,1,660,6.52,3.57,1.83,9.46,1.09,0.269,1.45,0.304,0.726,4.53,105,112,-0.25,81,116,70,110,106,109,111,103,100,0,0,0,0,0
"140","perezol01",1514,"RP",0,"Modern",38,150,11,11,0,"No","No","No","No","Oliver Perez",74,94,4.37,12.3,702,195,3,2,5,13,1465.2,6464,1336,783,712,198,762,40,88,58,8,1546,9.49,4.68,2.03,8.2,1.22,0.238,1.43,0.294,0.735,4.49,105,106,-0.12,134,140,95,91,116,93,105,100,102,0,0,0,0,0
"141","petityu01",4020,"RP",0,"Modern",51,71,5,3,0,"No","No","No","No","Yusmeiro Petit",50,44,3.93,6.7,515,59,2,1,8,11,904,3699,833,414,395,137,205,25,5,17,3,767,7.64,2.04,3.74,8.29,1.36,0.239,1.15,0.269,0.739,4.12,96,100,-0.19,97,63,148,95,126,95,86,91,102,0,0,0,0,0
"142","phelpda01",6316,"RP",0,"Modern",45,78,8,8,0,"No","No","No","No","David Phelps",34,40,3.8,6.7,367,67,1,0,7,22,682.2,2905,625,309,288,71,273,15,32,15,4,666,8.78,3.6,2.44,8.24,0.94,0.24,1.32,0.297,0.748,3.87,95,95,-0.07,110,117,95,95,88,96,101,101,103,0,0,0,0,0
"143","porceri01",2717,"SP",0,"Modern",140,225,26,19,0,"No","No","No","No","Rick Porcello",150,125,4.4,29.6,355,351,10,3,0,0,2096.1,8912,2270,1122,1025,260,489,17,84,70,9,1561,6.7,2.1,3.19,9.75,1.12,0.272,1.32,0.308,0.694,4.06,102,97,0.34,86,67,127,111,98,108,99,105,96,0,0,1,0,0
"144","quallch01",2170,"RP",0,"Modern",55,119,7,9,0,"No","No","No","No","Chad Qualls",52,48,3.89,5.6,844,0,0,0,74,53,807.1,3397,819,382,349,83,211,42,32,28,0,624,6.96,2.35,2.96,9.13,0.93,0.26,1.28,0.301,0.719,3.8,94,91,0.09,98,73,135,103,92,102,95,102,100,0,0,0,0,0
"145","ramirer02",10314,"RP",0,"Modern",33,84,3,4,0,"No","No","No","No","Erasmo Ramirez",37,42,4.21,3.3,276,94,0,0,4,5,768,3206,733,384,359,115,205,11,38,15,0,587,6.88,2.4,2.86,8.59,1.35,0.247,1.22,0.273,0.726,4.5,105,111,-0.29,86,79,109,99,119,99,94,93,100,0,0,0,0,0
"146","richacl01",3551,"SP",0,"Modern",66,259,28,12,0,"No","No","No","No","Clayton Richard",69,84,4.51,7.7,275,210,5,3,1,0,1284.2,5543,1398,711,644,149,438,26,40,43,14,824,5.77,3.07,1.88,9.79,1.04,0.276,1.43,0.305,0.699,4.45,115,111,0.06,75,94,80,112,101,110,107,103,96,0,0,0,0,0
"147","richaga01",9784,"RP",0,"Modern",69,100,14,5,0,"No","No","No","No","Garrett Richards",55,50,3.87,13.4,259,152,3,2,6,3,984,4179,921,487,423,93,364,10,28,87,1,853,7.8,3.33,2.34,8.42,0.85,0.243,1.31,0.291,0.698,3.82,96,95,0.05,97,109,89,98,75,98,100,99,96,0,0,0,0,0
"148","sabatc.01",404,"SP",0,"Modern",48,360,28,25,0,"No","Yes","No","No","CC Sabathia",251,161,3.74,66.5,561,560,38,12,0,0,3577.1,14989,3404,1623,1485,382,1099,44,123,74,17,3093,7.78,2.76,2.81,8.56,0.96,0.247,1.26,0.294,0.734,3.78,87,87,-0.04,111,87,128,95,87,96,93,100,103,0,0,0,0,0
"149","sanchan01",3284,"SP",0,"Modern",177,234,32,15,0,"No","No","No","No","Anibal Sanchez",116,119,4.06,31.2,364,341,9,7,0,0,2017.2,8607,1960,987,910,238,686,44,60,62,19,1774,7.91,3.06,2.59,8.74,1.06,0.249,1.31,0.294,0.725,4,98,97,0.06,102,96,106,100,96,100,99,100,100,0,0,0,0,0
"150","shawbr01",8110,"RP",0,"Modern",53,74,10,3,0,"No","No","No","No","Bryan Shaw",43,45,3.92,2.5,753,2,0,0,15,40,714.2,3056,676,351,311,78,278,20,26,39,2,637,8.02,3.5,2.29,8.51,0.98,0.246,1.33,0.294,0.722,4.05,92,98,-0.13,99,112,88,99,87,99,102,100,99,0,0,0,0,0
"151","sippto01",8280,"RP",0,"Modern",31,63,4,3,0,"No","No","No","No","Tony Sipp",26,22,3.72,1.5,616,0,0,0,7,13,503.2,2110,405,222,208,74,221,16,11,26,2,531,9.49,3.95,2.4,7.24,1.32,0.216,1.24,0.26,0.778,4.29,92,105,-0.57,126,127,99,82,124,86,94,89,107,0,0,0,0,0
"152","smithjo05",3281,"RP",0,"Modern",29,162,6,12,0,"No","No","No","No","Joe Smith",55,34,3.14,6.7,866,0,0,0,30,36,762.1,3150,653,289,266,66,254,31,40,19,4,666,7.86,3,2.62,7.71,0.78,0.229,1.19,0.276,0.77,3.66,77,89,-0.52,103,95,105,88,70,91,90,94,106,0,0,0,0,0
"153","smylydr01",11760,"RP",0,"Modern",32,114,7,5,0,"No","No","No","No","Drew Smyly",53,47,4.1,10.9,239,156,1,1,3,4,943.2,3968,903,462,430,154,292,9,16,44,1,922,8.79,2.78,3.16,8.61,1.47,0.247,1.27,0.29,0.753,4.29,98,104,-0.18,108,89,121,100,126,100,97,99,104,0,0,0,0,0
"154","stammcr01",7274,"RP",0,"Modern",44,111,10,12,0,"No","No","No","No","Craig Stammen",55,44,3.66,8.1,562,43,1,0,6,21,885,3700,858,396,360,95,236,24,25,28,2,743,7.56,2.4,3.15,8.73,0.97,0.249,1.24,0.293,0.733,3.73,91,91,-0.06,94,74,126,101,90,101,94,100,101,0,0,0,0,0
"155","stroppe01",4070,"RP",0,"Modern",42,50,6,4,0,"No","No","No","No","Pedro Strop",29,30,3.2,6.4,561,0,0,0,32,36,505.2,2111,360,194,180,34,232,19,37,54,6,554,9.86,4.13,2.39,6.41,0.61,0.195,1.17,0.26,0.748,3.41,78,83,-0.2,124,132,94,74,56,78,89,88,103,0,0,0,0,0
"156","swarzan01",7466,"RP",0,"Modern",29,50,1,3,0,"No","No","No","No","Anthony Swarzak",26,37,4.42,2.6,388,32,0,0,10,12,653.1,2781,686,344,321,87,202,23,14,14,4,494,6.81,2.78,2.45,9.45,1.2,0.267,1.36,0.302,0.715,4.32,107,105,0.1,87,89,98,108,106,106,103,103,99,0,0,0,0,0
"157","tomlijo01",9388,"RP",0,"Modern",90,115,8,12,0,"No","No","No","No","Josh Tomlin",69,56,4.77,6.7,286,150,5,1,2,2,1067,4453,1160,602,566,197,153,16,25,28,1,736,6.21,1.29,4.81,9.78,1.66,0.271,1.23,0.288,0.693,4.65,114,112,0.13,79,41,189,112,147,109,93,98,96,0,0,0,0,0
"158","torreca01",7624,"RP",0,"Modern",33,70,5,5,0,"No","No","No","No","Carlos Torres",30,31,4.09,1.3,362,16,0,0,5,10,506.2,2163,492,240,230,63,192,19,21,27,2,447,7.94,3.41,2.33,8.74,1.12,0.252,1.35,0.298,0.754,4.23,101,104,-0.15,102,109,92,100,112,101,103,101,104,0,0,0,0,0
"159","volstch01",9901,"SP",0,"Modern",38,115,4,8,0,"No","No","No","No","Chris Volstad",37,58,5,3.1,170,126,3,2,0,1,772.1,3376,858,457,429,102,265,23,26,21,3,481,5.61,3.09,1.82,10,1.19,0.278,1.45,0.302,0.688,4.69,122,116,0.31,76,94,80,114,121,111,109,103,95,0,0,0,0,0
"160","zieglbr01",7293,"RP",0,"Modern",45,165,13,15,0,"No","No","No","No","Brad Ziegler",37,38,2.75,6,739,0,0,0,105,37,717.1,2947,654,251,219,32,248,55,25,7,1,479,6.01,3.11,1.93,8.21,0.4,0.245,1.26,0.288,0.766,3.5,68,87,-0.75,80,99,81,94,40,97,95,97,106,0,0,0,0,0
