"","playerID","fg_playerID","G","AB","R","H","X2B","X3B","HR","RBI","SB","CS","BB","SO","IBB","HBP","SH","SF","GIDP","PA","BA","1B","SLG","OBP","OPS","SO%","BB%","BB:SO","Range","POS","GS","InnOuts","PO","A","E","DP","PB","WP","SB_against","CS_for","ZR","Triple Crown","500_hr","3000_hit","1500_runs","1500_rbi","2500_G","ped_use","inducted","play_era","ISO","BABIP","wOBA","WAR","wRC+","all_star_appearances","num_gold_gloves","num_mvp","num_ws_mvp","silver_slugger","hank_aaron_award"
"1","cabremi01",1744,2699,10022,1530,3088,607,17,507,1847,40,21,1227,2031,238,72,5,100,353,11421,0.308122131311116,1957,0.523847535422071,0.384116977497592,0.907964512919664,0.177830312582086,0.107433674809561,0.604135893648449,4.56909966654316,"LF",2221,57141,10448,1884,153,1113,0,0,0,0,0,"1","Yes","Yes","Yes","Yes","Yes","No",0,"Modern",NA,NA,NA,NA,NA,12,NA,2,NA,7,2
"2","pujolal01",1177,3080,11421,1914,3384,686,16,703,2218,117,43,1373,1404,316,123,1,123,426,13040,0.296296296296296,1979,0.543822782593468,0.374233128834356,0.918055911427824,0.107668711656442,0.105291411042945,0.977920227920228,6.31850649350649,"LF",2326,60725,17617,1844,147,1729,0,0,0,0,0,"0","Yes","Yes","Yes","Yes","Yes","No",0,"Modern",NA,NA,NA,NA,NA,11,2,3,NA,6,2
"3","molinya01",7007,2226,7817,777,2168,408,7,176,1022,71,37,542,922,50,76,43,75,287,8510,0.277344249712166,1577,0.398874248432903,0.32737955346651,0.726253801899413,0.10834312573443,0.063689776733255,0.587852494577007,7.32524707996406,"C",2119,55220,15232,1074,86,148,96,0,558,383,0,"0","No","No","No","No","No","No",0,"Modern",NA,NA,NA,NA,NA,10,9,NA,NA,1,NA
"4","suzukic01",1101,2653,9934,1420,3089,362,96,117,780,509,117,647,1080,181,55,50,48,92,10684,0.310952285081538,2514,0.402053553452788,0.354829651815799,0.756883205268588,0.101085735679521,0.0605578435043055,0.599074074074074,1.93931398416887,"RF",2248,60118,5022,123,38,28,0,0,0,0,0,"0","No","Yes","No","No","Yes","No",0,"Modern",NA,NA,NA,NA,NA,10,10,1,NA,3,NA
"5","beltrca01",589,2586,9768,1582,2725,565,78,435,1587,312,49,1084,1795,104,51,18,110,203,11013,0.278972153972154,1647,0.486384111384111,0.350494869699446,0.836878981083558,0.162989194588214,0.0984291292109325,0.603899721448468,2.04988399071926,"CF",2191,56943,5158,143,75,37,0,0,0,0,0,"0","No","No","Yes","Yes","Yes","No",0,"Modern",NA,NA,NA,NA,NA,9,3,NA,NA,2,NA
"6","troutmi01",10155,1407,5094,1052,1543,296,51,350,896,204,37,919,1354,117,92,0,53,64,6158,0.30290537887711,846,0.58716136631331,0.414745047093212,1.00190641340652,0.219876583306268,0.149236765183501,0.678729689807976,2.29637526652452,"CF",1319,34579,3191,40,21,10,0,0,0,0,0,"0","No","No","No","No","No","No",0,"Modern",NA,NA,NA,NA,NA,9,NA,3,NA,8,2
"7","canoro01",3269,2267,8773,1262,2639,572,33,335,1306,51,38,620,1214,112,85,10,62,286,9540,0.300809301265246,1699,0.488088453208709,0.350524109014675,0.838612562223384,0.127253668763103,0.0649895178197065,0.510708401976936,4.42699602999559,"2B",2154,56750,4155,5881,126,1428,0,0,0,0,0,"0","No","No","No","No","No","Yes",0,"Modern",NA,NA,NA,NA,NA,8,2,NA,NA,5,NA
"8","altuvjo01",5417,1578,6305,986,1935,379,29,192,696,279,81,509,840,43,64,26,46,171,6924,0.30689928628073,1335,0.467565424266455,0.362218370883882,0.829783795150337,0.121317157712305,0.0735124205661467,0.605952380952381,3.81939163498099,"2B",1517,39683,2241,3786,94,858,0,0,0,0,0,"0","No","No","No","No","No","No",0,"Modern",NA,NA,NA,NA,NA,7,1,1,NA,5,1
"9","cruzne02",2434,2006,7358,1081,2018,367,14,459,1302,83,32,732,1870,77,84,2,59,177,8233,0.274259309594999,1178,0.515085621092688,0.344224462528847,0.859310083621535,0.22713470180979,0.0889104822057573,0.39144385026738,1.00697906281157,"RF",938,24681,1969,51,34,11,0,0,0,0,0,"0","No","No","No","No","No","Yes",0,"Modern",NA,NA,NA,NA,NA,7,NA,NA,NA,4,NA
"10","goldspa01",9218,1620,5927,1045,1750,382,22,315,1042,147,33,916,1545,108,44,0,50,134,6937,0.295258984309094,1031,0.526573308587818,0.390658786218827,0.917232094806645,0.222718754504829,0.132045552832637,0.592880258899676,8.79814814814815,"1B",1546,40836,13200,1053,47,1247,0,0,0,0,0,"0","No","No","No","No","No","No",0,"Modern",NA,NA,NA,NA,NA,7,4,NA,NA,4,1
"11","hollima01",1873,1903,7009,1157,2096,468,32,316,1220,108,37,802,1362,57,124,1,45,220,7980,0.299044086174918,1280,0.510201169924383,0.378696741854637,0.888897911779019,0.170676691729323,0.100501253132832,0.588839941262849,1.59747766684183,"LF",1715,44074,2956,84,52,22,0,0,0,0,0,"0","No","No","No","No","No","No",0,"Modern",NA,NA,NA,NA,NA,7,NA,NA,NA,4,NA
"12","mccanbr01",4810,1755,6067,742,1590,294,5,282,1018,25,9,640,1054,71,75,9,59,180,6841,0.262073512444371,1009,0.451623537168287,0.336939043999415,0.788562581167703,0.154071042245286,0.0935535740388832,0.607210626185958,7.35213675213675,"C",1549,40876,12165,738,96,91,84,0,897,297,0,"0","No","No","No","No","No","No",0,"Modern",NA,NA,NA,NA,NA,7,NA,NA,NA,6,NA
"13","perezsa02",7304,1254,4752,539,1274,236,11,223,732,6,1,180,914,23,60,0,38,154,5030,0.268097643097643,804,0.463173400673401,0.300994035785288,0.764167436458689,0.181709741550696,0.0357852882703777,0.196936542669584,6.92025518341308,"C",1087,28130,8081,597,42,66,31,0,382,236,0,"0","No","No","No","No","No","No",0,"Modern",NA,NA,NA,NA,NA,7,5,NA,1,4,NA
"14","poseybu01",9166,1371,4970,663,1500,293,9,158,729,23,9,540,721,67,43,1,53,163,5606,0.301810865191147,1040,0.459758551307847,0.371566179093828,0.831324730401675,0.128612201212986,0.096325365679629,0.748959778085992,7.71188913202042,"C",1264,32955,9919,654,53,187,27,0,521,256,0,"0","No","No","No","No","No","No",0,"Modern",NA,NA,NA,NA,NA,7,1,1,NA,5,1
"15","wrighda03",3787,1585,5998,949,1777,390,26,242,970,196,65,762,1292,73,45,0,65,152,6870,0.296265421807269,1119,0.490996998999667,0.376128093158661,0.867125092158327,0.18806404657933,0.110917030567686,0.589783281733746,2.54637223974763,"3B",1571,41797,1088,2948,190,237,0,0,0,0,0,"0","No","No","No","No","No","No",0,"Modern",NA,NA,NA,NA,NA,7,2,NA,NA,2,NA
"16","bautijo02",1887,1798,6051,1022,1496,312,17,344,975,70,32,1032,1394,58,80,23,58,170,7221,0.247231862502066,823,0.474962816063461,0.36116881318377,0.83613162924723,0.19304805428611,0.142916493560449,0.740315638450502,1.94660734149055,"RF",1525,40666,2577,923,85,104,0,0,0,0,0,"0","No","No","No","No","No","No",0,"Modern",NA,NA,NA,NA,NA,6,NA,NA,NA,3,2
"17","freemfr01",5361,1724,6379,1086,1903,414,27,292,1041,66,27,860,1414,114,81,0,48,132,7368,0.298322621100486,1170,0.509013952030099,0.38599348534202,0.895007437372118,0.191910966340934,0.11672095548317,0.608203677510608,8.45997679814385,"1B",1677,44445,13585,1000,69,1248,0,0,0,0,0,"0","No","No","No","No","No","No",0,"Modern",NA,NA,NA,NA,NA,6,1,1,NA,3,1
"18","harpebr03",11579,1382,4927,913,1379,298,23,285,817,122,43,879,1276,112,39,12,51,106,5896,0.279886340572356,773,0.523239293687842,0.389586160108548,0.912825453796391,0.216417910447761,0.149084124830393,0.688871473354232,1.69826338639653,"RF",1244,32379,2269,78,38,11,0,0,0,0,0,"0","No","No","No","No","No","No",0,"Modern",NA,NA,NA,NA,NA,6,NA,2,NA,2,2
"19","machama01",11493,1445,5673,839,1597,312,18,283,853,85,34,513,1069,61,24,14,49,163,6259,0.281508901815618,984,0.492508372994888,0.340949033391916,0.833457406386804,0.170794056558556,0.0819619747563508,0.479887745556595,2.80899653979239,"3B",1412,37058,1190,2869,128,375,0,0,0,0,0,"0","No","No","No","No","No","No",0,"Modern",NA,NA,NA,NA,NA,6,2,NA,NA,1,NA
"20","mauerjo01",1857,1858,6930,1018,2123,428,30,143,923,52,19,939,1034,145,25,6,60,208,7954,0.306349206349206,1522,0.438672438672439,0.388106613024893,0.826779051697332,0.129997485541866,0.118053809404073,0.908123791102515,6.13885898815931,"C",1469,39086,10707,699,49,520,40,0,364,181,0,"0","No","No","No","No","No","No",0,"Modern",NA,NA,NA,NA,NA,6,3,1,NA,5,NA
"21","utleych01",1679,1937,6857,1103,1885,411,58,259,1025,154,22,724,1193,62,204,6,72,93,7857,0.274901560449176,1157,0.465072189003938,0.358024691358025,0.823096880361962,0.151839124347715,0.0921471299478172,0.606873428331936,4.28549303045947,"2B",1723,45785,3728,4573,149,1019,0,0,0,0,0,"0","No","No","No","No","No","No",0,"Modern",NA,NA,NA,NA,NA,6,NA,NA,NA,4,NA
"22","vottojo01",4314,1991,7044,1145,2093,453,22,342,1106,80,29,1338,1578,147,74,0,48,166,8504,0.297132311186826,1276,0.513344690516752,0.412158984007526,0.925503674524278,0.185559736594544,0.157337723424271,0.847908745247148,8.12656956303365,"1B",1913,50044,14440,1740,106,1398,0,0,0,0,0,"0","No","No","No","No","No","No",0,"Modern",NA,NA,NA,NA,NA,6,1,1,NA,NA,1
"23","brantmi02",4106,1430,5512,751,1641,346,25,127,713,125,33,483,656,37,37,13,46,128,6078,0.297714078374456,1143,0.438679245283019,0.355544587035209,0.794223832318228,0.107930240210596,0.079466929911155,0.736280487804878,1.65244755244755,"LF",1235,32393,2299,64,16,14,0,0,0,0,0,"0","No","No","No","No","No","No",0,"Modern",NA,NA,NA,NA,NA,5,NA,NA,NA,1,NA
"24","braunry02",3410,1766,6622,1080,1963,408,49,352,1154,216,60,586,1363,56,77,0,44,179,7329,0.296436122017517,1154,0.532316520688614,0.358302633374267,0.89061915406288,0.185973529813071,0.079956337835994,0.42993396918562,1.72366930917327,"LF",1634,42156,2797,247,58,33,0,0,0,0,0,"0","No","No","No","No","No","Yes",0,"Modern",NA,NA,NA,NA,NA,5,NA,1,NA,4,NA
"25","gonzaad01",1908,1929,7139,997,2050,437,12,317,1202,6,7,782,1401,158,45,4,73,207,8039,0.287155063734417,1284,0.484941868609049,0.357880333374798,0.842822201983847,0.174275407388979,0.0972757805697226,0.558172733761599,8.4888543286677,"1B",1802,47845,14983,1392,79,1382,0,0,0,0,0,"0","No","No","No","No","No","No",0,"Modern",NA,NA,NA,NA,NA,5,4,NA,NA,2,NA
"26","jonesad01",6368,1823,7009,963,1939,336,29,282,945,97,35,340,1395,20,103,8,55,190,7507,0.276644314452846,1292,0.453559708945641,0.317303849740242,0.770863558685884,0.185826561875583,0.0452910616757693,0.243727598566308,2.3993417443774,"CF",1729,45748,4272,102,64,26,0,0,0,0,0,"0","No","No","No","No","No","No",0,"Modern",NA,NA,NA,NA,NA,5,2,NA,NA,1,NA
"27","martijd02",6184,1409,5286,790,1522,339,21,282,899,25,11,518,1424,53,32,0,50,167,5886,0.287930382141506,880,0.520052970109724,0.352021746517159,0.872074716626883,0.241930003397893,0.0880054366292898,0.36376404494382,1.05677785663591,"RF",835,21684,1438,51,25,12,0,0,0,0,0,"0","No","No","No","No","No","No",0,"Modern",NA,NA,NA,NA,NA,5,NA,NA,NA,3,1
"28","martivi01",393,1973,7297,914,2153,423,3,246,1178,7,7,730,891,119,53,0,86,264,8166,0.295052761408798,1481,0.454981499246266,0.359539554249326,0.814521053495592,0.109110947832476,0.0893950526573598,0.819304152637486,3.7181956411556,"C",1024,26747,6888,448,53,198,37,0,596,183,0,"0","No","No","No","No","No","No",0,"Modern",NA,NA,NA,NA,NA,5,NA,NA,NA,2,NA
"29","mccutan01",9847,1895,7035,1118,1948,392,49,287,1002,205,84,983,1542,67,81,3,66,118,8165,0.276901208244492,1220,0.468941009239517,0.368891610532762,0.837832619772279,0.188854868340478,0.120391916717697,0.637483787289235,1.97097625329815,"CF",1749,45857,3656,79,44,17,0,0,0,0,0,"0","No","No","No","No","No","No",0,"Modern",NA,NA,NA,NA,NA,5,1,1,NA,4,NA
"30","stantmi03",4949,1434,5237,815,1383,272,11,378,971,42,15,697,1696,83,49,0,36,125,6019,0.264082489975177,722,0.536757685697919,0.353713241402226,0.890470927100145,0.281774381126433,0.115799966771889,0.410966981132075,1.59972105997211,"RF",1087,28546,2226,68,46,9,0,0,0,0,0,"0","No","No","No","No","No","No",0,"Modern",NA,NA,NA,NA,NA,5,NA,1,NA,2,2
"31","tulowtr01",3531,1291,4804,762,1391,264,24,225,780,57,32,511,900,48,47,10,43,146,5405,0.28955037468776,878,0.495004163197336,0.36059204440333,0.855596207600666,0.166512488436633,0.0945420906567993,0.567777777777778,4.51975213013168,"SS",1255,32835,1946,3889,91,871,0,0,0,0,0,"0","No","No","No","No","No","No",0,"Modern",NA,NA,NA,NA,NA,5,2,NA,NA,2,NA
"32","beltrad01",639,2933,11068,1524,3166,636,38,477,1707,121,42,848,1732,112,97,14,103,279,12116,0.286049873509216,2015,0.479671123960969,0.339303400462199,0.818974524423167,0.142951469131727,0.0699900957411687,0.489607390300231,2.51858165700648,"3B",2713,71565,2200,5187,311,523,0,0,0,0,0,"0","No","Yes","Yes","Yes","Yes","No",0,"Modern",NA,NA,NA,NA,NA,4,5,NA,NA,4,NA
"33","blackch02",7859,1404,5357,880,1590,286,58,207,709,138,56,403,1001,33,93,26,34,63,5887,0.29680791487773,1039,0.487773007280194,0.354340071343639,0.842113078623833,0.170035671819263,0.0684559198233396,0.402597402597403,1.75712250712251,"CF",1197,31493,2405,62,32,19,0,0,0,0,0,"0","No","No","No","No","No","No",0,"Modern",NA,NA,NA,NA,NA,4,NA,NA,NA,2,NA
"34","castrst01",4579,1573,6148,698,1722,319,40,138,678,89,52,338,1108,32,38,7,47,177,6571,0.280091086532206,1225,0.412329212752114,0.319281692284279,0.731610905036394,0.168619692588647,0.0514381372698219,0.305054151624549,3.9319771137953,"SS",1528,40409,2249,3936,207,774,0,0,0,0,0,"0","No","No","No","No","No","No",0,"Modern",NA,NA,NA,NA,NA,4,NA,NA,NA,NA,NA
"35","kinslia01",6195,1888,7423,1243,1999,416,41,257,909,243,74,693,1046,11,92,32,59,161,8267,0.269298127441735,1285,0.440253266873232,0.336760614491351,0.777013881364583,0.126527156163058,0.0838272650296359,0.662523900573614,4.5635593220339,"2B",1804,47568,3397,5219,168,1291,0,0,0,0,0,"0","No","No","No","No","No","No",0,"Modern",NA,NA,NA,NA,NA,4,2,NA,NA,NA,NA
"36","martiru01",4616,1693,5701,803,1416,255,9,191,771,101,51,792,1211,46,107,12,36,190,6636,0.248377477635503,961,0.396772496053324,0.348854731766124,0.745627227819448,0.182489451476793,0.119349005424955,0.654004954582989,7.48257531010041,"C",1545,41393,11639,1029,95,85,85,0,840,365,0,"0","No","No","No","No","No","No",0,"Modern",NA,NA,NA,NA,NA,4,1,NA,NA,1,NA
"37","pedrodu01",8370,1512,6031,922,1805,394,15,140,725,138,46,624,654,25,38,25,59,154,6752,0.299287017078428,1256,0.439230641684629,0.365373222748815,0.804603864433445,0.0968601895734597,0.0924170616113744,0.954128440366973,4.36375661375661,"2B",1476,38761,2581,4017,58,944,0,0,0,0,0,"0","No","No","No","No","No","No",0,"Modern",NA,NA,NA,NA,NA,4,4,1,NA,1,NA
"38","pencehu01",8252,1707,6420,891,1791,324,55,244,942,120,55,520,1335,19,26,1,39,151,7005,0.278971962616822,1168,0.460591900311526,0.333618843683084,0.79421074399461,0.190578158458244,0.0742326909350464,0.389513108614232,1.96777973052138,"RF",1557,41364,3263,96,48,14,0,0,0,0,0,"0","No","No","No","No","No","No",0,"Modern",NA,NA,NA,NA,NA,4,NA,NA,NA,NA,NA
"39","reyesjo01",1736,1877,7552,1180,2138,387,131,145,719,517,127,589,914,56,11,50,38,82,8190,0.283103813559322,1475,0.426641949152542,0.334310134310134,0.760952083462677,0.111599511599512,0.0719169719169719,0.644420131291028,3.72775705913692,"SS",1778,47133,2271,4726,201,966,0,0,0,0,0,"0","No","No","No","No","No","No",0,"Modern",NA,NA,NA,NA,NA,4,NA,NA,NA,1,NA
"40","uptonju01",5222,1845,6721,1058,1754,350,38,325,1003,151,59,785,1971,49,78,3,59,142,7643,0.260973069483708,1041,0.469424192828448,0.342404814863274,0.811829007691722,0.257883030223734,0.102708360591391,0.398274987316083,1.8639566395664,"LF",1767,45729,3375,64,89,9,0,0,0,0,0,"0","No","No","No","No","No","No",0,"Modern",NA,NA,NA,NA,NA,4,NA,NA,NA,3,NA
"41","wietema01",4298,1167,3994,440,996,190,5,146,550,9,4,368,847,29,21,4,41,102,4424,0.249374061091637,655,0.409113670505759,0.313065099457505,0.722178769963263,0.191455696202532,0.0831826401446655,0.434474616292798,6.98543273350471,"C",1021,27216,7723,429,58,77,30,0,441,211,0,"0","No","No","No","No","No","No",0,"Modern",NA,NA,NA,NA,NA,4,2,NA,NA,NA,NA
"42","bruceja01",9892,1650,5964,839,1455,312,32,319,951,65,40,600,1572,71,28,3,46,101,6638,0.243963782696177,792,0.46747149564051,0.313799337149744,0.781270832790254,0.236818318770714,0.0903886712865321,0.381679389312977,2.14242424242424,"RF",1524,40529,3404,131,58,57,0,0,0,0,0,"0","No","No","No","No","No","No",0,"Modern",NA,NA,NA,NA,NA,3,NA,NA,NA,2,NA
"43","carpema01",8090,1376,4531,780,1192,310,28,170,613,27,17,718,1107,40,70,12,47,38,5366,0.263076583535643,684,0.456411388214522,0.368989936638092,0.825401324852614,0.206298919120388,0.133805441669773,0.648599819331527,3.54142441860465,"3B",1138,29553,2985,1888,108,515,0,0,0,0,0,"0","No","No","No","No","No","No",0,"Modern",NA,NA,NA,NA,NA,3,NA,NA,NA,1,NA
"44","crawfbr01",5343,1561,5292,638,1337,279,43,139,706,44,34,508,1187,74,54,6,58,116,5912,0.252645502645503,876,0.400415721844293,0.321211096075778,0.721626817920071,0.200778078484438,0.0859269282814614,0.427969671440607,3.96220371556694,"SS",1443,38616,2042,4143,161,872,0,0,0,0,0,"0","No","No","No","No","No","No",0,"Modern",NA,NA,NA,NA,NA,3,4,NA,NA,1,NA
"45","donaljo02",5038,1333,4857,798,1285,282,12,266,790,40,10,703,1171,22,58,5,44,129,5662,0.264566604900144,725,0.491867407864937,0.361356411162134,0.853223819027071,0.206817379018015,0.124161073825503,0.600341588385995,2.45686421605401,"3B",1177,30995,1002,2273,143,239,0,0,8,4,0,"0","No","No","No","No","No","No",0,"Modern",NA,NA,NA,NA,NA,3,NA,1,NA,2,1
"46","encared01",2151,1960,7040,1099,1832,370,10,424,1261,61,14,903,1426,54,105,0,66,185,8114,0.260227272727273,1028,0.496306818181818,0.350012324377619,0.846319142559437,0.175745624845945,0.11128912989894,0.633239831697055,2.94387755102041,"3B",1143,29867,4415,1355,144,460,0,0,0,0,0,"0","No","No","No","No","No","No",0,"Modern",NA,NA,NA,NA,NA,3,NA,NA,NA,NA,NA
"47","gonzaca01",7287,1377,5033,821,1432,302,40,234,785,122,33,448,1240,55,22,7,41,93,5544,0.284522153785019,856,0.499900655672561,0.343073593073593,0.842974248746154,0.223665223665224,0.0808080808080808,0.361290322580645,1.72912127814089,"RF",1257,32851,2304,77,30,8,0,0,0,0,0,"0","No","No","No","No","No","No",0,"Modern",NA,NA,NA,NA,NA,3,2,NA,NA,2,NA
"48","gordoal01",5209,1753,6391,867,1643,357,26,190,749,113,45,684,1535,48,121,8,43,110,7239,0.257080269128462,1070,0.41026443436082,0.338168255283879,0.748432689644699,0.212045862688217,0.094488188976378,0.445602605863192,2.19167142042213,"LF",1703,45071,3147,695,64,84,0,0,0,0,0,"0","No","No","No","No","No","No",0,"Modern",NA,NA,NA,NA,NA,3,7,NA,NA,NA,NA
"49","grandcu01",4747,2057,7236,1217,1800,346,95,344,937,153,50,924,1916,31,67,30,49,64,8276,0.248756218905473,1015,0.465450525152018,0.337240212663122,0.80269073781514,0.231512808119865,0.11164813919768,0.482254697286013,2.07243558580457,"CF",1766,47561,4183,80,31,14,0,0,0,0,0,"0","No","No","No","No","No","No",0,"Modern",NA,NA,NA,NA,NA,3,NA,NA,NA,1,NA
"50","kempma01",5631,1750,6365,950,1808,338,37,287,1031,184,63,518,1641,69,26,1,72,184,6981,0.284053417124902,1146,0.484053417124902,0.336914482165879,0.820967899290781,0.235066609368285,0.0742014038103424,0.315661182205972,1.76057142857143,"CF",1547,40557,2990,91,51,27,0,0,0,0,0,"0","No","No","No","No","No","No",0,"Modern",NA,NA,NA,NA,NA,3,1,NA,NA,2,1
"51","lemahdj01",9874,1425,5306,809,1576,248,36,107,581,91,46,482,853,22,27,36,39,158,5854,0.297022238974746,1185,0.417828872973992,0.35616672360779,0.773995596581781,0.145712333447216,0.0823368636829518,0.565064478311841,4.3880701754386,"2B",1324,34775,2772,3481,69,813,0,0,0,0,0,"0","No","No","No","No","No","No",0,"Modern",NA,NA,NA,NA,NA,3,3,NA,NA,2,NA
"52","longoev01",9368,1912,7095,992,1883,422,26,331,1131,58,19,707,1623,87,72,1,94,198,7968,0.265398167723749,1104,0.472163495419309,0.334086345381526,0.806249840800835,0.203689759036145,0.0887299196787149,0.435613062230437,2.36297071129707,"3B",1750,46162,1280,3238,158,386,0,0,0,0,0,"0","No","No","No","No","No","No",0,"Modern",NA,NA,NA,NA,NA,3,3,NA,NA,1,NA
"53","moustmi01",4892,1315,4708,552,1165,259,6,203,635,21,10,376,873,25,57,8,42,115,5183,0.247451146983857,697,0.434367034834325,0.308315647308509,0.742682682142833,0.168435269149141,0.0725448581902373,0.430698739977091,2.51634980988593,"3B",1176,30998,1191,2118,118,242,0,0,0,0,0,"0","No","No","No","No","No","No",0,"Modern",NA,NA,NA,NA,NA,3,NA,NA,NA,NA,NA
"54","murphda08",4316,1452,5308,710,1572,371,29,138,735,68,25,364,709,56,25,7,48,124,5745,0.296156744536549,1034,0.454973624717408,0.341340295909487,0.796313920626894,0.123411662315057,0.0633594429939077,0.513399153737659,4.66735537190083,"2B",1269,33484,4310,2467,125,769,0,0,0,0,0,"0","No","No","No","No","No","No",0,"Modern",NA,NA,NA,NA,NA,3,NA,NA,NA,2,NA
"55","peraljh01",1738,1798,6599,841,1761,376,24,202,873,17,27,606,1450,24,38,13,63,200,7306,0.266858614941658,1159,0.422942870131838,0.329181494661922,0.75212436479376,0.198467013413633,0.082945524226663,0.417931034482759,3.89377085650723,"SS",1712,45496,2307,4694,150,984,0,0,0,0,0,"0","No","No","No","No","No","No",0,"Modern",NA,NA,NA,NA,NA,3,NA,NA,NA,NA,NA
"56","phillbr01",791,1902,7378,1005,2029,368,35,211,951,209,84,420,1092,34,92,39,62,224,7952,0.27500677690431,1415,0.420168067226891,0.319542253521127,0.739710320748018,0.137323943661972,0.0528169014084507,0.384615384615385,4.48370136698212,"2B",1837,48490,3557,4971,110,1119,0,0,0,0,0,"0","No","No","No","No","No","No",0,"Modern",NA,NA,NA,NA,NA,3,4,NA,NA,1,NA
"57","ramirha01",8001,1668,6349,1049,1834,375,32,271,917,281,93,660,1234,65,71,11,36,137,7116,0.288864388092613,1156,0.486060796975902,0.360455311973019,0.84651610894892,0.173412029229904,0.0927487352445194,0.53484602917342,3.57613908872902,"SS",1435,37059,3082,2883,164,774,0,0,0,0,0,"0","No","No","No","No","No","No",0,"Modern",NA,NA,NA,NA,NA,3,NA,NA,NA,2,NA
"58","rizzoan01",3473,1536,5578,839,1476,312,22,283,889,72,41,719,1046,74,201,0,42,132,6540,0.264610971674435,859,0.480638221584797,0.366360856269113,0.84699907785391,0.159938837920489,0.109938837920489,0.687380497131931,8.53971354166667,"1B",1486,39336,11870,1247,62,1091,0,0,0,0,0,"0","No","No","No","No","No","No",0,"Modern",NA,NA,NA,NA,NA,3,4,NA,NA,1,NA
"59","zobribe01",7435,1651,5880,884,1566,349,44,167,768,116,49,832,994,35,31,26,67,124,6810,0.266326530612245,1006,0.425850340136054,0.356681350954479,0.782531691090533,0.145961820851689,0.122173274596182,0.837022132796781,3.25741974560872,"RF",1503,40075,2740,2638,85,606,0,0,0,0,0,"0","No","No","No","No","No","No",0,"Modern",NA,NA,NA,NA,NA,3,NA,NA,1,NA,NA
"60","andruel01",8709,1947,7398,1019,1997,360,50,96,731,335,111,586,1135,7,53,103,56,186,8093,0.269937821032712,1491,0.371046228710462,0.325713579636723,0.696759808347185,0.140244655875448,0.072408254046707,0.516299559471366,4.13559322033898,"SS",1885,49818,2862,5190,219,1190,0,0,0,0,0,"0","No","No","No","No","No","No",0,"Modern",NA,NA,NA,NA,NA,2,NA,NA,NA,NA,NA
"61","cabreas01",4962,1822,6632,886,1763,401,28,195,869,91,32,589,1330,26,68,51,61,177,7350,0.265832328106152,1139,0.42294933655006,0.329251700680272,0.752201037230332,0.180952380952381,0.0801360544217687,0.442857142857143,3.67727771679473,"SS",1662,43622,2538,4162,145,991,0,0,0,0,0,"0","No","No","No","No","No","No",0,"Modern",NA,NA,NA,NA,NA,2,NA,NA,NA,1,NA
"62","cainlo01",9077,1171,4314,626,1220,225,24,87,454,190,44,362,854,14,49,0,32,109,4757,0.282800185442745,884,0.406583217431618,0.342863149043515,0.749446366475133,0.179524910657978,0.0760983813327728,0.423887587822014,2.45431255337319,"CF",1099,28865,2819,55,42,14,0,0,0,0,0,"0","No","No","No","No","No","No",0,"Modern",NA,NA,NA,NA,NA,2,1,NA,NA,NA,NA
"63","desmoia01",6885,1478,5442,724,1432,277,37,181,711,181,56,387,1402,13,43,33,39,132,5911,0.26313855200294,937,0.427416391032709,0.315005921163932,0.74242231219664,0.23718490949078,0.0654711554728472,0.276034236804565,3.96481732070365,"CF",1389,37062,3292,2568,176,653,0,0,0,0,0,"0","No","No","No","No","No","No",0,"Modern",NA,NA,NA,NA,NA,2,NA,NA,NA,3,NA
"64","ethiean01",6265,1455,4800,641,1367,303,34,162,687,29,28,519,938,68,58,2,44,104,5421,0.284791666666667,868,0.463333333333333,0.358605423353625,0.821938756686958,0.173030806124331,0.0957387935805202,0.553304904051173,1.56975945017182,"RF",1217,32621,2217,67,32,11,0,0,0,0,0,"0","No","No","No","No","No","No",0,"Modern",NA,NA,NA,NA,NA,2,1,NA,NA,1,NA
"65","frazito01",785,1244,4392,604,1059,212,15,218,640,73,38,438,1085,12,77,4,38,95,4945,0.241120218579235,614,0.445127504553734,0.31830131445905,0.763428819012784,0.219413549039434,0.0885743174924166,0.4036866359447,2.81591639871383,"3B",1140,30341,1554,1949,105,270,0,0,0,0,0,"0","No","No","No","No","No","No",0,"Modern",NA,NA,NA,NA,NA,2,NA,NA,NA,NA,NA
"66","gomezca01",4881,1461,4724,675,1189,236,41,145,546,268,74,319,1259,9,112,45,27,75,5182,0.251693480101609,767,0.411092294665538,0.312620609803165,0.723712904468703,0.242956387495176,0.0615592435353145,0.253375694996029,2.20054757015743,"CF",1206,32607,3141,74,53,21,0,0,0,0,0,"0","No","No","No","No","No","No",0,"Modern",NA,NA,NA,NA,NA,2,1,NA,NA,NA,NA
"67","gordode01",8203,1025,3906,538,1118,125,55,18,236,336,102,168,618,6,32,29,26,46,4132,0.286226318484383,920,0.360215053763441,0.318973862536302,0.679188916299743,0.149564375605034,0.0406582768635044,0.271844660194175,3.96780487804878,"2B",928,24658,1761,2306,102,558,0,0,0,0,0,"0","No","No","No","No","No","Yes",0,"Modern",NA,NA,NA,NA,NA,2,1,NA,NA,1,NA
"68","grandya01",11368,1117,3560,476,843,159,7,177,532,12,7,619,992,10,22,3,33,108,4234,0.236797752808989,500,0.434550561797753,0.35049598488427,0.785046546682023,0.234293811998111,0.146197449220595,0.623991935483871,7.8531781557744,"C",938,25081,8344,428,61,95,91,0,453,182,0,"0","No","No","No","No","No","Yes",0,"Modern",NA,NA,NA,NA,NA,2,NA,NA,NA,NA,NA
"69","hardyjj01",3797,1561,5805,718,1488,291,14,188,688,8,9,411,960,24,15,40,38,156,6269,0.256330749354005,995,0.408440999138674,0.305311851970011,0.713752851108685,0.153134471207529,0.0655606954857234,0.428125,4.11851377322229,"SS",1510,40159,2089,4340,110,953,0,0,0,0,0,"0","No","No","No","No","No","No",0,"Modern",NA,NA,NA,NA,NA,2,3,NA,NA,1,NA
"70","harrijo05",8202,1168,3894,492,1059,215,32,71,378,91,37,184,642,5,92,29,33,66,4203,0.271956856702619,741,0.398305084745763,0.317630264097074,0.715935348842836,0.152748037116345,0.0437782536283607,0.286604361370716,3.01455479452055,"2B",951,25146,1417,2104,85,426,0,0,0,0,0,"0","No","No","No","No","No","No",0,"Modern",NA,NA,NA,NA,NA,2,NA,NA,NA,NA,NA
"71","lucrojo01",7870,1210,4140,483,1134,217,24,108,548,30,9,369,662,20,34,8,40,136,4583,0.273913043478261,785,0.416183574879227,0.335369845079642,0.751553419958869,0.14444686886319,0.0805149465415667,0.557401812688822,7.3702479338843,"C",1073,28578,8322,596,67,82,51,0,670,257,0,"0","No","No","No","No","No","No",0,"Modern",NA,NA,NA,NA,NA,2,NA,NA,NA,NA,NA
"72","montemi01",3364,1185,3801,458,973,197,7,126,550,5,9,446,881,56,54,5,37,106,4338,0.255985267034991,643,0.410944488292555,0.339557399723375,0.750501888015929,0.20308898109728,0.102812355924389,0.506242905788876,6.8168776371308,"C",997,26643,7518,560,84,54,52,0,555,197,0,"0","No","No","No","No","No","No",0,"Modern",NA,NA,NA,NA,NA,2,NA,NA,NA,NA,NA
"73","ramoswi01",1433,990,3492,362,946,151,2,136,534,1,3,245,638,26,11,4,29,138,3777,0.270904925544101,657,0.43213058419244,0.318241990998147,0.750372575190587,0.168917129997352,0.0648662960021181,0.384012539184953,7.7989898989899,"C",890,23640,7256,465,45,34,59,0,409,150,0,"0","No","No","No","No","No","No",0,"Modern",NA,NA,NA,NA,NA,2,NA,NA,NA,1,NA
"74","sandopa01",5409,1380,4609,548,1279,262,21,153,639,12,13,357,757,55,31,4,51,149,5048,0.27750054241701,843,0.443046213929269,0.330229793977813,0.773276007907082,0.149960380348653,0.0707210776545166,0.471598414795244,2.44927536231884,"3B",1127,29178,1554,1826,114,213,0,0,8,4,0,"0","No","No","No","No","No","No",0,"Modern",NA,NA,NA,NA,NA,2,NA,NA,1,NA,NA
"75","segurje01",5933,1328,5195,712,1479,232,45,107,492,205,71,301,777,24,63,27,24,131,5583,0.284696823869105,1095,0.408469682386911,0.330109260254344,0.738578942641254,0.139172487909726,0.0539136664875515,0.387387387387387,4.00978915662651,"SS",1300,33968,1748,3577,142,769,0,0,0,0,0,"0","No","No","No","No","No","No",0,"Modern",NA,NA,NA,NA,NA,2,NA,NA,NA,NA,NA
"76","turneju01",5235,1393,4522,652,1307,292,9,164,663,41,10,462,770,16,111,5,46,117,5141,0.289031402034498,842,0.466386554621849,0.365687609414511,0.83207416403636,0.149776308111262,0.0898657848667574,0.6,2.13998564249821,"3B",1040,27567,960,2021,98,240,0,0,0,0,0,"0","No","No","No","No","No","No",0,"Modern",NA,NA,NA,NA,NA,2,NA,NA,NA,NA,NA
"77","vogtst01",5000,794,2348,259,560,121,13,82,313,5,5,210,491,16,10,4,26,29,2594,0.238500851788756,344,0.40587734241908,0.300693909020817,0.706571251439897,0.189282960678489,0.0809560524286816,0.427698574338086,5.56549118387909,"C",543,14447,4189,230,28,71,33,0,264,97,0,"0","No","No","No","No","No","No",0,"Modern",NA,NA,NA,NA,NA,2,NA,NA,NA,NA,NA
"78","zimmery01",4220,1799,6654,963,1846,417,22,284,1061,43,16,646,1384,43,31,1,69,212,7400,0.277427111511873,1123,0.474752028854824,0.340945945945946,0.81569797480077,0.187027027027027,0.0872972972972973,0.466763005780347,3.94441356309061,"3B",1648,43532,4693,2403,165,577,0,0,0,0,0,"0","No","No","No","No","No","No",0,"Modern",NA,NA,NA,NA,NA,2,1,NA,NA,2,NA
"79","avilaal01",7476,1052,3060,352,714,155,9,105,397,8,8,528,1068,24,19,11,20,83,3627,0.233333333333333,445,0.39281045751634,0.347670250896057,0.740480708412397,0.294458229942101,0.145574855252275,0.49438202247191,6.92680608365019,"C",893,23576,6866,421,40,83,56,0,495,213,0,"0","No","No","No","No","No","No",0,"Modern",NA,NA,NA,NA,NA,1,NA,NA,NA,1,NA
"80","aybarer01",4082,1454,5175,643,1402,256,46,58,473,155,62,285,670,18,52,75,39,107,5551,0.270917874396135,1042,0.371787439613527,0.313276887047379,0.685064326660905,0.12069897315799,0.0513421005224284,0.425373134328358,3.83012379642366,"SS",1340,35455,2047,3522,153,786,0,0,0,0,0,"0","No","No","No","No","No","No",0,"Modern",NA,NA,NA,NA,NA,1,1,NA,NA,NA,NA
"81","beltbr01",10264,1310,4390,628,1146,267,36,175,584,47,21,617,1205,35,46,1,25,59,5078,0.261047835990888,668,0.457858769931663,0.356242615202836,0.814101385134499,0.237298148877511,0.121504529342261,0.512033195020747,7.57022900763359,"1B",1143,30870,9125,792,67,838,0,0,0,0,0,"0","No","No","No","No","No","No",0,"Modern",NA,NA,NA,NA,NA,1,NA,NA,NA,NA,NA
"82","cabreme01",4022,1887,6878,895,1962,383,45,144,854,101,37,510,891,41,27,48,64,181,7479,0.285257342250654,1390,0.416836289619075,0.334135579622944,0.75097186924202,0.11913357400722,0.0681909346169274,0.572390572390572,1.77795442501325,"LF",1687,44393,3232,123,38,21,0,0,0,0,0,"0","No","No","No","No","No","Yes",0,"Modern",NA,NA,NA,NA,NA,1,NA,NA,NA,NA,NA
"83","castrja01",8722,952,2981,368,678,166,9,97,325,6,2,347,970,11,27,8,18,60,3373,0.227440456222744,406,0.386782958738678,0.311888526534243,0.698671485272921,0.287577823895642,0.102875778238956,0.357731958762887,7.07563025210084,"C",818,21685,6330,406,32,50,73,0,436,158,0,"0","No","No","No","No","No","No",0,"Modern",NA,NA,NA,NA,NA,1,NA,NA,NA,NA,NA
"84","choosh01",3174,1652,6087,961,1671,339,29,218,782,157,55,868,1579,43,152,10,40,101,7147,0.274519467718088,1085,0.447182520124856,0.376521617461872,0.823704137586728,0.220931859521478,0.121449559255632,0.549715009499683,1.64164648910412,"RF",1285,33743,2632,80,51,12,0,0,0,0,0,"0","No","No","No","No","No","No",0,"Modern",NA,NA,NA,NA,NA,1,NA,NA,NA,NA,NA
"85","davisch02",9272,1417,4978,707,1160,228,5,295,780,19,11,555,1852,50,58,1,38,62,5629,0.233025311370028,632,0.458617918842909,0.314976017054539,0.773593935897448,0.329010481435424,0.0985965535619115,0.299676025917927,7.11503175723359,"1B",1244,33058,9394,688,72,1016,0,0,0,0,0,"0","No","No","No","No","No","Yes",0,"Modern",NA,NA,NA,NA,NA,1,NA,NA,NA,1,NA
"86","ellsbja01",4727,1235,4846,749,1376,241,47,104,512,343,71,399,737,19,46,21,32,82,5323,0.283945522080066,984,0.417457697069748,0.342100319368777,0.759558016438525,0.138455758031185,0.0749577306030434,0.541383989145183,2.28097165991903,"CF",1154,30757,2784,33,15,13,0,0,0,0,0,"0","No","No","No","No","No","No",0,"Modern",NA,NA,NA,NA,NA,1,1,NA,NA,1,NA
"87","escobal02",6310,1554,5750,670,1486,249,58,45,478,178,45,253,864,17,57,87,35,113,6095,0.258434782608696,1134,0.345391304347826,0.294667760459393,0.640059064807219,0.141755537325677,0.0415094339622641,0.292824074074074,3.98455598455598,"SS",1519,40040,2174,4018,156,842,0,0,0,0,0,"0","No","No","No","No","No","No",0,"Modern",NA,NA,NA,NA,NA,1,1,NA,NA,NA,NA
"88","escobed01",6153,1264,4403,561,1120,241,41,158,605,21,17,333,965,25,23,13,40,57,4799,0.254372019077901,680,0.43538496479673,0.307564075849135,0.742949040645865,0.201083559074807,0.0693894561366951,0.345077720207254,2.58860759493671,"3B",1091,29282,1094,2178,85,385,0,0,0,0,0,"0","No","No","No","No","No","No",0,"Modern",NA,NA,NA,NA,NA,1,NA,NA,NA,NA,NA
"89","fowlede01",4062,1460,5040,817,1306,253,82,127,517,149,68,740,1326,16,51,43,28,58,5859,0.259126984126984,844,0.417460317460317,0.357910906298003,0.775371223758321,0.226318484383001,0.126301416623997,0.558069381598793,1.89657534246575,"CF",1277,33856,2718,51,45,17,0,0,0,0,0,"0","No","No","No","No","No","No",0,"Modern",NA,NA,NA,NA,NA,1,NA,NA,NA,NA,NA
"90","freesda01",9549,1184,3758,481,1041,197,7,113,535,8,11,370,974,11,73,4,24,134,4225,0.27700904736562,724,0.423363491218733,0.351242603550296,0.774606094769029,0.230532544378698,0.0875739644970414,0.379876796714579,2.45692567567568,"3B",973,24630,1294,1615,98,260,0,0,1,0,0,"0","No","No","No","No","No","No",0,"Modern",NA,NA,NA,NA,NA,1,NA,NA,1,NA,NA
"91","garciav01",5760,1049,3791,484,1006,150,16,135,510,49,32,255,986,21,57,0,26,100,4129,0.265365338960696,705,0.42020575046162,0.319205618793897,0.739411369255516,0.238798740615161,0.0617582949866796,0.258620689655172,1.59008579599619,"RF",861,22459,1610,58,34,12,0,0,0,0,0,"0","No","No","No","No","No","No",0,"Modern",NA,NA,NA,NA,NA,1,NA,NA,NA,NA,NA
"92","gardnbr01",9927,1688,5737,943,1470,251,73,139,578,274,64,699,1245,6,67,69,42,58,6545,0.256231479867527,1007,0.398117483005055,0.341634835752483,0.739752318757538,0.19022154316272,0.106799083269672,0.56144578313253,1.89336492890995,"LF",1470,39965,3117,79,25,16,0,0,0,0,0,"0","No","No","No","No","No","No",0,"Modern",NA,NA,NA,NA,NA,1,1,NA,NA,NA,NA
"93","gomesya01",9627,968,3283,392,807,170,8,125,447,7,0,193,841,15,53,3,35,97,3564,0.245811757538836,504,0.41669204995431,0.295454545454545,0.712146595408855,0.235970819304153,0.0541526374859708,0.2294887039239,8.21797520661157,"C",856,22821,7464,491,63,52,47,0,355,185,0,"0","No","No","No","No","No","No",0,"Modern",NA,NA,NA,NA,NA,1,NA,NA,NA,1,NA
"94","heywaja01",4940,1579,5527,781,1422,269,39,159,641,118,40,644,1101,24,55,6,25,93,6251,0.257282431698933,955,0.406368735299439,0.339305711086226,0.745674446385665,0.176131818908975,0.103023516237402,0.584922797456857,1.94046865104497,"RF",1461,38886,2991,73,33,21,0,0,0,0,0,"0","No","No","No","No","No","No",0,"Modern",NA,NA,NA,NA,NA,1,4,NA,NA,NA,NA
"95","hillaa01",6104,1559,5646,736,1501,325,22,162,695,74,35,443,847,21,55,19,51,134,6195,0.265851930570315,992,0.417286574566064,0.322679580306699,0.739966154872763,0.136723163841808,0.0715092816787732,0.523022432113341,4.07568954457986,"2B",1397,37236,2252,4102,92,862,0,0,0,0,0,"0","No","No","No","No","No","No",0,"Modern",NA,NA,NA,NA,NA,1,NA,NA,NA,2,NA
"96","hosmeer01",3516,1658,6255,805,1731,319,20,196,879,76,30,556,1210,53,23,3,40,162,6874,0.27673860911271,1196,0.428137490007994,0.336048879837067,0.764186369845061,0.176025603724178,0.0808844922897876,0.459504132231405,8.12967430639324,"1B",1585,41809,12437,1042,83,1182,0,0,0,0,0,"0","No","No","No","No","No","No",0,"Modern",NA,NA,NA,NA,NA,1,4,NA,NA,1,NA
"97","iglesjo01",10231,1096,3770,438,1051,220,14,47,366,59,35,173,502,6,58,24,18,87,4019,0.278779840848806,770,0.381962864721485,0.318984822095049,0.700947686816534,0.124906693207265,0.0430455337148544,0.344621513944223,3.52189781021898,"SS",1024,26664,1241,2619,74,580,0,0,0,0,0,"0","No","No","No","No","No","No",0,"Modern",NA,NA,NA,NA,NA,1,NA,NA,NA,NA,NA
"98","joycema01",3353,1400,3718,537,898,206,15,149,503,35,23,559,935,28,32,3,43,76,4352,0.241527703066165,528,0.42522861753631,0.342141544117647,0.767370161653957,0.21484375,0.128446691176471,0.597860962566845,1.18714285714286,"RF",854,22818,1628,34,29,8,0,0,0,0,0,"0","No","No","No","No","No","No",0,"Modern",NA,NA,NA,NA,NA,1,NA,NA,NA,NA,NA
"99","kendrho01",4229,1621,5950,792,1747,354,38,127,724,126,47,349,1102,34,61,24,37,193,6397,0.293613445378151,1228,0.429915966386555,0.337189307487885,0.767105273874439,0.172268250742536,0.0545568235110208,0.316696914700544,4.01912399753239,"LF",1448,38552,3192,3323,91,784,0,0,0,0,0,"0","No","No","No","No","No","No",0,"Modern",NA,NA,NA,NA,NA,1,NA,NA,NA,NA,NA
"100","lowrije01",4418,1307,4615,590,1185,292,17,121,594,8,3,503,895,19,24,8,46,94,5188,0.256771397616468,755,0.406067172264355,0.329992289899769,0.736059462164124,0.172513492675405,0.0969545104086353,0.562011173184358,3.08875286916603,"SS",1060,28179,1389,2648,83,550,0,0,0,0,0,"0","No","No","No","No","No","No",0,"Modern",NA,NA,NA,NA,NA,1,NA,NA,NA,NA,NA
"101","markani01",5930,2154,8302,1119,2388,514,22,189,1046,66,32,891,1230,79,51,4,73,214,9317,0.287641532160925,1663,0.423151047940255,0.357411183857465,0.78056223179772,0.132016743586992,0.0956316410861865,0.724390243902439,1.99675023212628,"RF",2082,55355,4177,124,27,21,0,0,0,0,0,"0","No","No","No","No","No","No",0,"Modern",NA,NA,NA,NA,NA,1,2,NA,NA,1,NA
"102","martest01",9241,1252,4808,756,1392,257,51,142,565,314,93,277,1049,16,146,16,20,98,5251,0.289517470881864,942,0.452787021630616,0.345648447914683,0.798435469545299,0.199771472100552,0.052751856789183,0.264061010486177,1.86501597444089,"LF",1178,31291,2242,93,36,12,0,0,0,0,0,"0","No","No","No","No","No","Yes",0,"Modern",NA,NA,NA,NA,NA,1,1,NA,NA,NA,NA
"103","morelmi01",3086,1260,4071,527,1020,219,9,186,618,11,5,385,975,34,35,6,39,97,4530,0.250552689756816,606,0.445836403831982,0.317880794701987,0.763717198533969,0.21523178807947,0.0849889624724062,0.394871794871795,6.42063492063492,"1B",964,26174,7524,566,37,778,0,0,0,0,0,"0","No","No","No","No","No","No",0,"Modern",NA,NA,NA,NA,NA,1,1,NA,NA,NA,NA
"104","mossbr01",4467,1016,3133,419,742,159,17,160,473,11,11,328,968,23,36,0,24,54,3521,0.236833705713374,406,0.451643791892755,0.314115308151093,0.765759100043848,0.274921897188299,0.0931553535927293,0.338842975206612,3.24114173228346,"RF",694,18888,3111,182,35,229,0,0,0,0,0,"0","No","No","No","No","No","No",0,"Modern",NA,NA,NA,NA,NA,1,NA,NA,NA,NA,NA
"105","napolmi01",3057,1392,4572,697,1125,224,11,267,744,39,24,650,1468,31,69,2,36,114,5327,0.246062992125984,623,0.4750656167979,0.346161066266191,0.821226683064091,0.275577247981979,0.122019898629623,0.442779291553134,6.63433908045977,"1B",1135,30108,8588,647,91,511,0,0,328,106,0,"0","No","No","No","No","No","No",0,"Modern",NA,NA,NA,NA,NA,1,NA,NA,NA,NA,NA
"106","nunezed02",6848,858,2813,353,776,148,19,58,309,142,38,135,400,6,16,20,24,64,2988,0.275862068965517,551,0.403839317454675,0.310240963855422,0.714080281310096,0.133868808567604,0.0451807228915663,0.3375,2.37296037296037,"3B",651,17717,731,1305,88,210,0,0,0,0,0,"0","No","No","No","No","No","No",0,"Modern",NA,NA,NA,NA,NA,1,NA,NA,NA,NA,NA
"107","polloaj01",9256,1033,3654,560,1010,221,32,140,470,122,28,282,704,11,35,6,31,75,4002,0.276409414340449,617,0.469348659003831,0.331584207896052,0.800932866899883,0.175912043978011,0.0704647676161919,0.400568181818182,1.85866408518877,"CF",879,23672,1875,45,16,11,0,0,0,0,0,"0","No","No","No","No","No","No",0,"Modern",NA,NA,NA,NA,NA,1,1,NA,NA,NA,NA
"108","pradoma01",3312,1458,5373,664,1542,316,27,100,609,40,28,385,676,16,28,24,51,171,5837,0.286990508096036,1099,0.411688069979527,0.334932328250814,0.746620398230341,0.115812917594655,0.0659585403460682,0.569526627218935,2.79698216735254,"LF",1279,34383,1902,2176,90,383,0,0,0,0,0,"0","No","No","No","No","No","No",0,"Modern",NA,NA,NA,NA,NA,1,NA,NA,NA,NA,NA
"109","ruizca01",2579,1137,3539,405,935,223,7,71,415,25,10,403,499,62,78,27,22,106,4042,0.264198926250353,634,0.391353489686352,0.350321622958931,0.741675112645283,0.123453735774369,0.0997031172686789,0.807615230460922,7.26209322779244,"C",991,26845,7668,589,53,67,48,0,612,230,0,"0","No","No","No","No","No","No",0,"Modern",NA,NA,NA,NA,NA,1,NA,NA,NA,NA,NA
"110","santaca01",2396,1784,6329,917,1533,334,16,278,925,48,18,1148,1246,62,34,0,56,159,7567,0.242218359930479,905,0.43182177279191,0.358794766750363,0.790616539542274,0.164662349676226,0.151711378353377,0.921348314606742,6.56165919282511,"1B",1442,38199,10829,877,86,876,0,0,207,70,0,"0","No","No","No","No","No","No",0,"Modern",NA,NA,NA,NA,NA,1,NA,NA,NA,1,NA
"111","seageky01",9785,1480,5561,705,1395,309,14,242,807,55,27,533,1120,35,63,5,42,107,6199,0.250854162920338,830,0.442006833303363,0.321180835618648,0.763187668922011,0.180674302306824,0.0859816099370866,0.475892857142857,2.71013513513514,"3B",1437,38348,1001,3010,137,374,0,0,0,0,0,"0","No","No","No","No","No","No",0,"Modern",NA,NA,NA,NA,NA,1,1,NA,NA,NA,NA
"112","smoakju01",9054,1286,4153,505,951,196,2,196,570,3,3,552,1122,20,25,0,20,110,4750,0.228991090777751,557,0.418733445701902,0.321684210526316,0.740417656228218,0.236210526315789,0.116210526315789,0.491978609625668,7.37325038880249,"1B",1051,28352,8972,510,40,896,0,0,0,0,0,"0","No","No","No","No","No","No",0,"Modern",NA,NA,NA,NA,NA,1,NA,NA,NA,NA,NA
"113","sotoge01",3707,797,2522,308,619,146,4,108,361,3,5,311,673,17,17,7,19,73,2869,0.245440126883426,361,0.434972244250595,0.330080167305681,0.765052411556276,0.2345765074939,0.108400139421401,0.462109955423477,7.366373902133,"C",711,18780,5506,365,48,42,24,0,458,166,0,"0","No","No","No","No","No","No",0,"Modern",NA,NA,NA,NA,NA,1,NA,NA,NA,NA,NA
"114","suzukku01",8259,1635,5563,594,1421,295,6,143,730,20,11,387,751,22,119,27,67,148,6136,0.255437713463958,977,0.387740427826712,0.314048239895698,0.70178866772241,0.122392438070404,0.0630704041720991,0.515312916111851,7.01345565749235,"C",1461,38912,10871,596,73,63,72,0,854,263,0,"0","No","No","No","No","No","No",0,"Modern",NA,NA,NA,NA,NA,1,NA,NA,NA,NA,NA
"115","weeksri01",1849,1324,4417,733,1087,219,33,161,474,132,32,533,1230,13,134,9,19,77,5103,0.246094634367218,674,0.419968304278922,0.343719380756418,0.76368768503534,0.24103468547913,0.104448363707623,0.433333333333333,3.51586102719033,"2B",1066,28091,2006,2649,145,646,0,0,0,0,0,"0","No","No","No","No","No","No",0,"Modern",NA,NA,NA,NA,NA,1,NA,NA,NA,NA,NA
"116","werthja01",1327,1583,5484,883,1465,300,22,229,799,132,23,764,1450,32,64,4,50,99,6362,0.267140773158279,914,0.455142231947484,0.360421251178875,0.815563483126358,0.227915749764225,0.120088022634392,0.526896551724138,1.86923562855338,"RF",1432,38122,2869,90,44,22,0,0,0,0,0,"0","No","No","No","No","No","No",0,"Modern",NA,NA,NA,NA,NA,1,NA,NA,NA,NA,NA
"117","youngch04",3882,1465,4710,668,1109,288,24,191,590,142,46,520,1192,16,37,17,32,60,5299,0.235456475583864,606,0.428450106157113,0.31439894319683,0.742849049353942,0.224948103415739,0.0981317229665975,0.436241610738255,2.00887372013652,"CF",1185,32039,2895,48,29,18,0,0,0,0,0,"0","No","No","No","No","No","No",0,"Modern",NA,NA,NA,NA,NA,1,NA,NA,NA,NA,NA
"118","beckhgo01",9015,1069,3403,420,807,187,7,80,351,35,20,266,670,6,54,29,30,89,3753,0.237143696738172,533,0.366735233617396,0.30029309885425,0.667028332471646,0.178523847588596,0.0708766320277112,0.397014925373134,3.81758652946679,"2B",912,24812,1558,2523,79,558,0,0,0,0,0,"0","No","No","No","No","No","No",0,"Modern",NA,NA,NA,NA,NA,NA,NA,NA,NA,NA,NA
"119","blancan01",1907,536,1191,137,305,73,9,18,109,5,13,79,202,5,18,26,7,33,1295,0.256087321578505,205,0.377833753148615,0.31042471042471,0.688258463573325,0.155984555984556,0.061003861003861,0.391089108910891,2.42164179104478,"2B",277,8149,483,815,41,189,0,0,0,0,0,"0","No","No","No","No","No","No",0,"Modern",NA,NA,NA,NA,NA,NA,NA,NA,NA,NA,NA
"120","blancgr01",3123,1060,2929,394,746,118,39,26,235,122,40,363,661,21,15,26,15,35,3322,0.254694434960737,563,0.348241720723796,0.338350391330524,0.68659211205432,0.198976520168573,0.109271523178808,0.549167927382753,1.44339622641509,"CF",701,19953,1500,30,17,3,0,0,0,0,0,"0","No","No","No","No","No","No",0,"Modern",NA,NA,NA,NA,NA,NA,NA,NA,NA,NA,NA
"121","bonifem01",4054,834,2613,356,669,95,33,13,165,166,49,215,605,4,7,43,19,23,2854,0.256027554535017,528,0.332567929582855,0.312193412754029,0.644761342336884,0.21198318149965,0.075332866152768,0.355371900826446,2.40767386091127,"CF",616,16833,1069,939,63,202,0,0,0,0,0,"0","No","No","No","No","No","No",0,"Modern",NA,NA,NA,NA,NA,NA,NA,NA,NA,NA,NA
"122","buterdr01",3411,556,1337,123,262,59,5,19,123,0,1,88,322,1,15,23,10,27,1450,0.195961106955871,179,0.290201944652206,0.251724137931034,0.541926082583241,0.222068965517241,0.0606896551724138,0.273291925465839,5.78597122302158,"C",394,11077,3023,194,26,22,42,0,207,89,0,"0","No","No","No","No","No","No",0,"Modern",NA,NA,NA,NA,NA,NA,NA,NA,NA,NA,NA
"123","calhoko01",11200,1196,4291,618,1042,198,18,173,557,34,16,437,1089,15,42,4,38,74,4808,0.242833838266138,653,0.41831740852948,0.31634775374376,0.734665162273241,0.226497504159734,0.0908901830282862,0.401285583103765,1.92307692307692,"RF",1071,28597,2232,68,35,18,0,0,0,0,0,"0","No","No","No","No","No","No",0,"Modern",NA,NA,NA,NA,NA,NA,1,NA,NA,NA,NA
"124","cervefr01",5275,730,2256,281,605,102,16,41,275,17,13,270,505,4,55,20,17,69,2598,0.268173758865248,446,0.38209219858156,0.35796766743649,0.74005986601805,0.194380292532717,0.103926096997691,0.534653465346535,7.37534246575343,"C",647,17039,4995,389,52,43,48,0,383,118,0,"0","No","No","No","No","No","Yes",0,"Modern",NA,NA,NA,NA,NA,NA,NA,NA,NA,NA,NA
"125","chiriro01",3142,714,2124,275,480,114,5,95,306,5,4,231,664,2,69,15,18,47,2442,0.225988700564972,266,0.418549905838041,0.319410319410319,0.737960225248361,0.271908271908272,0.0945945945945946,0.34789156626506,6.96638655462185,"C",623,16464,4721,253,31,30,34,0,302,108,0,"0","No","No","No","No","No","No",0,"Modern",NA,NA,NA,NA,NA,NA,NA,NA,NA,NA,NA
"126","culbech01",3298,589,1211,140,300,61,8,30,145,21,10,68,337,9,12,14,6,33,1297,0.247729149463254,201,0.385631709331131,0.292983808789514,0.678615518120645,0.259830377794911,0.0524286815728604,0.201780415430267,1.67062818336163,"3B",286,8031,472,512,31,95,0,0,0,0,0,"0","No","No","No","No","No","No",0,"Modern",NA,NA,NA,NA,NA,NA,NA,NA,NA,NA,NA
"127","davisra01",3708,1448,4244,637,1111,226,43,62,387,415,108,267,844,5,46,22,28,79,4585,0.261781338360038,780,0.379123468426013,0.310577971646674,0.689701440072687,0.184078516902944,0.0582333696837514,0.316350710900474,1.69544198895028,"CF",1012,28324,2396,59,36,13,0,0,0,0,0,"0","No","No","No","No","No","No",0,"Modern",NA,NA,NA,NA,NA,NA,NA,NA,NA,NA,NA
"128","deazaal01",3371,838,2575,367,669,131,33,51,258,91,44,225,622,13,33,27,18,32,2851,0.259805825242718,454,0.395728155339806,0.325149070501578,0.720877225841384,0.218169063486496,0.0789196773062083,0.361736334405145,1.79355608591885,"CF",627,17201,1477,26,23,5,0,0,0,0,0,"0","No","No","No","No","No","No",0,"Modern",NA,NA,NA,NA,NA,NA,NA,NA,NA,NA,NA
"129","drewst01",4251,1268,4403,565,1109,258,63,123,524,41,19,435,926,33,13,22,44,48,4895,0.251873722461958,665,0.422893481717011,0.318079673135853,0.740973154852864,0.189172625127681,0.0888661899897855,0.469762419006479,3.67429022082019,"SS",1125,30299,1611,3048,100,687,0,0,0,0,0,"0","No","No","No","No","No","No",0,"Modern",NA,NA,NA,NA,NA,NA,NA,NA,NA,NA,NA
"130","dysonja01",4866,992,2513,387,612,83,38,21,185,266,49,242,478,8,21,42,15,31,2791,0.243533625149224,470,0.331874253879825,0.313507703332139,0.645381957211964,0.171264779648871,0.0867072733787173,0.506276150627615,1.86189516129032,"CF",666,19019,1781,66,30,21,0,0,0,0,0,"0","No","No","No","No","No","No",0,"Modern",NA,NA,NA,NA,NA,NA,NA,NA,NA,NA,NA
"131","ellisaj01",5677,672,1948,194,466,82,3,44,229,2,4,280,414,22,28,29,18,67,2274,0.239219712525667,337,0.352156057494867,0.340369393139842,0.692525450634708,0.182058047493404,0.123131046613896,0.676328502415459,7.46279761904762,"C",571,15320,4622,393,16,40,34,0,287,141,0,"0","No","No","No","No","No","No",0,"Modern",NA,NA,NA,NA,NA,NA,NA,NA,NA,NA,NA
"132","escobyu01",4191,1434,5315,689,1501,258,12,90,519,34,32,509,686,16,55,51,27,198,5906,0.282408278457197,1141,0.386265286923801,0.349644429393837,0.735909716317637,0.116153064679986,0.0861835421605147,0.74198250728863,3.51255230125523,"SS",1377,36073,1698,3339,145,666,0,0,0,0,0,"0","No","No","No","No","No","No",0,"Modern",NA,NA,NA,NA,NA,NA,NA,NA,NA,NA,NA
"133","flowety01",9134,802,2456,267,582,111,5,86,301,2,6,227,852,6,75,4,14,56,2772,0.236970684039088,380,0.39128664495114,0.318903318903319,0.710189963854459,0.307359307359307,0.0818903318903319,0.266431924882629,7.61845386533666,"C",700,18726,5730,380,34,40,77,0,436,126,0,"0","No","No","No","No","No","No",0,"Modern",NA,NA,NA,NA,NA,NA,NA,NA,NA,NA,NA
"134","gonzama01",5497,1139,3526,420,888,183,8,107,415,44,28,261,812,10,43,38,14,91,3844,0.251843448667045,590,0.39931934203063,0.310093652445369,0.709412994475999,0.211238293444329,0.06789802289282,0.321428571428571,3.53555750658472,"LF",925,25093,2483,1544,75,391,0,0,0,0,0,"0","No","No","No","No","No","No",0,"Modern",NA,NA,NA,NA,NA,NA,NA,NA,NA,NA,NA
"135","gosean01",5097,400,1128,155,271,47,19,12,69,57,23,101,353,0,11,11,1,27,1241,0.240248226950355,193,0.347517730496454,0.308622078968574,0.656139809465028,0.284448025785657,0.0813859790491539,0.286118980169972,1.995,"CF",312,8399,785,13,10,3,0,0,0,0,0,"0","No","No","No","No","No","No",0,"Modern",NA,NA,NA,NA,NA,NA,NA,NA,NA,NA,NA
"136","gregodi01",6012,1077,3893,503,999,180,27,134,530,37,16,254,612,19,52,15,43,50,4242,0.25661443616748,658,0.419984587721552,0.307637906647808,0.727622494369359,0.144271570014144,0.0598774163130599,0.415032679738562,3.69545032497679,"SS",1022,27261,1307,2673,95,503,0,0,0,0,0,"0","No","No","No","No","No","No",0,"Modern",NA,NA,NA,NA,NA,NA,NA,NA,NA,NA,NA
"137","gutiefr01",3255,954,3032,394,778,150,9,97,361,78,19,228,736,12,22,31,22,71,3304,0.256596306068602,522,0.407981530343008,0.311138014527845,0.719119544870853,0.222760290556901,0.0690072639225182,0.309782608695652,2.08909853249476,"CF",767,20481,1964,29,17,7,0,0,0,0,0,"0","No","No","No","No","No","No",0,"Modern",NA,NA,NA,NA,NA,NA,1,NA,NA,NA,NA
"138","hanigry01",4952,680,1959,192,492,71,1,30,214,1,1,255,290,40,29,14,11,55,2254,0.25114854517611,390,0.334354262378765,0.344276841171251,0.678631103550016,0.12866015971606,0.113132209405501,0.879310344827586,6.95735294117647,"C",570,15535,4440,291,20,40,39,0,240,137,0,"0","No","No","No","No","No","No",0,"Modern",NA,NA,NA,NA,NA,NA,NA,NA,NA,NA,NA
"139","headlch01",4720,1436,5088,637,1337,272,16,130,596,93,29,574,1298,30,61,3,35,113,5758,0.262775157232704,919,0.399174528301887,0.342480027787426,0.741654556089313,0.225425494963529,0.0996873914553665,0.442218798151002,2.46309192200557,"LF",1327,35243,1428,2109,117,199,0,0,0,0,0,"0","No","No","No","No","No","No",0,"Modern",NA,NA,NA,NA,NA,NA,1,NA,NA,1,NA
"140","hundlni01",3376,974,3097,319,766,169,20,93,376,15,18,219,810,18,19,10,28,69,3363,0.247336131740394,484,0.404907975460123,0.298542967588463,0.703450943048585,0.24085637823372,0.0651204281891169,0.27037037037037,6.6735112936345,"C",819,22089,6046,454,61,55,56,0,571,203,0,"0","No","No","No","No","No","No",0,"Modern",NA,NA,NA,NA,NA,NA,NA,NA,NA,NA,NA
"141","iannech01",8267,1197,3563,449,820,181,11,141,502,11,10,576,1024,29,69,9,36,83,4244,0.23014313780522,487,0.405837777154084,0.345193213949105,0.751030991103188,0.241281809613572,0.135721017907634,0.5625,6.83625730994152,"C",1033,27920,7633,550,44,52,68,0,607,195,0,"0","No","No","No","No","No","No",0,"Modern",NA,NA,NA,NA,NA,NA,NA,NA,NA,NA,NA
"142","jayjo02",5227,1201,3838,532,1087,185,25,37,341,55,33,285,716,22,110,55,26,90,4259,0.283220427305888,840,0.373371547681084,0.34796900680911,0.721340554490194,0.168114580887532,0.0669171166940596,0.39804469273743,1.77352206494588,"CF",923,25163,2096,34,9,12,0,0,0,0,0,"0","No","No","No","No","No","No",0,"Modern",NA,NA,NA,NA,NA,NA,NA,NA,NA,NA,NA
"143","kozmape01",2539,344,746,89,159,33,4,5,62,8,4,64,178,11,3,6,6,12,819,0.21313672922252,117,0.288203753351206,0.275946275946276,0.564150029297482,0.217338217338217,0.0781440781440781,0.359550561797753,2.86918604651163,"SS",197,5864,306,681,19,157,0,0,0,0,0,"0","No","No","No","No","No","No",0,"Modern",NA,NA,NA,NA,NA,NA,NA,NA,NA,NA,NA
"144","kratzer01",4403,335,881,76,184,36,0,31,105,1,0,47,208,7,12,2,9,28,949,0.208853575482406,117,0.35527809307605,0.256059009483667,0.611337102559717,0.219178082191781,0.0495258166491043,0.225961538461538,6.2089552238806,"C",229,6312,1953,127,11,20,16,0,126,61,0,"0","No","No","No","No","No","No",0,"Modern",NA,NA,NA,NA,NA,NA,NA,NA,NA,NA,NA
"145","leonsa01",5273,535,1508,154,316,60,2,31,145,1,1,132,435,3,15,21,9,27,1664,0.209549071618037,223,0.313660477453581,0.278245192307692,0.591905669761273,0.261418269230769,0.0793269230769231,0.303448275862069,7.93457943925234,"C",427,11573,4020,225,24,21,44,0,156,81,0,"0","No","No","No","No","No","No",0,"Modern",NA,NA,NA,NA,NA,NA,NA,NA,NA,NA,NA
"146","lindad01",8027,1344,4577,588,1247,259,12,200,723,7,5,393,945,45,17,3,39,117,5026,0.272449202534411,776,0.465370329910422,0.329685634699562,0.795055964609984,0.188022284122563,0.0781933943493832,0.415873015873016,3.94866071428571,"LF",780,20447,4959,348,34,481,0,0,0,0,0,"0","No","No","No","No","No","No",0,"Modern",NA,NA,NA,NA,NA,NA,NA,NA,NA,1,NA
"147","lobatjo01",4243,419,1145,110,244,47,4,21,107,0,2,123,298,5,7,7,9,35,1284,0.213100436681223,172,0.316157205240175,0.291277258566978,0.607434463807153,0.23208722741433,0.0957943925233645,0.412751677852349,7.28639618138425,"C",328,9037,2869,184,21,21,17,0,234,61,0,"0","No","No","No","No","No","No",0,"Modern",NA,NA,NA,NA,NA,NA,NA,NA,NA,NA,NA
"148","maldoma01",6887,1002,2952,316,616,117,4,96,325,3,5,258,860,17,63,30,10,71,3283,0.208672086720867,399,0.348577235772358,0.285409686262565,0.633986922034922,0.261955528480049,0.0785866585440146,0.3,7.99301397205589,"C",879,23306,7558,451,57,50,59,0,274,179,0,"0","No","No","No","No","No","No",0,"Modern",NA,NA,NA,NA,NA,NA,1,NA,NA,NA,NA
"149","mathije01",3448,951,2718,255,526,112,8,53,286,12,8,205,872,17,16,51,25,39,2964,0.193524650478293,353,0.299116997792494,0.252024291497976,0.55114128929047,0.294197031039136,0.0691632928475034,0.235091743119266,7.198738170347,"C",839,22036,6295,551,57,44,55,0,473,181,0,"0","No","No","No","No","No","No",0,"Modern",NA,NA,NA,NA,NA,NA,NA,NA,NA,NA,NA
"150","maybica01",5223,1162,3824,556,973,173,34,72,354,187,55,368,921,11,26,18,15,87,4233,0.254445606694561,694,0.373953974895398,0.322938814079849,0.696892788975246,0.217576187101347,0.0869359792109615,0.39956568946797,2.12564543889845,"CF",988,26518,2440,30,30,9,0,0,0,0,0,"0","No","No","No","No","No","Yes",0,"Modern",NA,NA,NA,NA,NA,NA,NA,NA,NA,NA,NA
"151","moralke01",8610,1363,4856,584,1289,257,7,213,740,6,15,417,978,39,48,0,36,170,5357,0.265444810543657,812,0.452841845140033,0.327422064588389,0.780263909728422,0.182564868396491,0.0778420757886877,0.426380368098159,2.78796771826853,"1B",427,11450,3573,227,23,345,0,0,0,0,0,"0","No","No","No","No","No","No",0,"Modern",NA,NA,NA,NA,NA,NA,NA,NA,NA,1,NA
"152","morrilo01",9205,997,3331,416,792,163,21,140,426,23,10,393,740,25,37,1,17,68,3778,0.237766436505554,468,0.425397778444911,0.323451561672843,0.748849340117754,0.195870831127581,0.104023292747485,0.531081081081081,5.31695085255767,"LF",782,20944,4950,351,38,427,0,0,0,0,0,"0","No","No","No","No","No","No",0,"Modern",NA,NA,NA,NA,NA,NA,NA,NA,NA,NA,NA
"153","morsemi01",3035,832,2569,296,705,139,8,105,355,6,6,178,668,7,47,0,19,83,2813,0.274425846632931,453,0.457376411054885,0.330607891930323,0.787984302985209,0.23746889441877,0.0632776395307501,0.266467065868263,3.25841346153846,"LF",635,15845,2449,262,26,209,0,0,0,0,0,"0","No","No","No","No","No","No",0,"Modern",NA,NA,NA,NA,NA,NA,NA,NA,NA,NA,NA
"154","ortegra01",10323,364,1022,120,256,42,4,21,101,41,18,106,214,3,5,6,7,25,1140,0.250489236790607,189,0.36105675146771,0.321929824561404,0.682986576029114,0.187719298245614,0.0929824561403509,0.495327102803738,1.41208791208791,"CF",235,6429,500,14,9,2,0,0,0,0,0,"0","No","No","No","No","No","No",0,"Modern",NA,NA,NA,NA,NA,NA,NA,NA,NA,NA,NA
"155","parrage01",8553,1519,4858,633,1335,269,42,90,532,97,55,318,920,49,40,35,39,113,5255,0.274804446274187,934,0.403046521202141,0.322169362511893,0.725215883714034,0.175071360608944,0.0605137963843958,0.345652173913043,1.81830151415405,"LF",1169,32176,2635,127,46,45,0,0,0,0,0,"0","No","No","No","No","No","No",0,"Modern",NA,NA,NA,NA,NA,NA,1,NA,NA,NA,NA
"156","pearcst01",9957,766,2256,290,572,131,8,91,303,13,7,240,509,8,36,3,19,53,2551,0.25354609929078,342,0.439716312056738,0.332418659349275,0.772134971406012,0.19952959623677,0.0940807526460212,0.471512770137525,3.43342036553525,"LF",528,13743,2375,255,24,190,0,0,0,0,0,"0","No","No","No","No","No","No",0,"Modern",NA,NA,NA,NA,NA,NA,NA,NA,1,NA,NA
"157","pennicl01",3395,971,2799,324,678,120,21,36,242,84,28,266,619,8,15,42,20,40,3100,0.242229367631297,501,0.338692390139335,0.309354838709677,0.648047228849013,0.199677419354839,0.0858064516129032,0.429725363489499,3.52008238928939,"SS",752,20841,1167,2251,98,490,0,0,0,0,0,"0","No","No","No","No","No","No",0,"Modern",NA,NA,NA,NA,NA,NA,NA,NA,NA,NA,NA
"158","pinama01",2829,414,1114,132,271,55,2,42,148,4,1,94,258,4,23,2,10,29,1241,0.24326750448833,172,0.409335727109515,0.312651087832393,0.721986814941908,0.207896857373086,0.0757453666398066,0.364341085271318,6.70289855072464,"C",294,7897,2611,164,20,18,12,0,133,73,0,"0","No","No","No","No","No","No",0,"Modern",NA,NA,NA,NA,NA,NA,NA,NA,NA,NA,NA
"159","profaju01",10815,836,2724,379,648,139,15,78,313,46,14,304,501,4,43,15,15,55,3086,0.237885462555066,416,0.38582966226138,0.322423849643552,0.708253511904932,0.162346079066753,0.0985093972780298,0.606786427145709,2.70215311004785,"LF",680,18180,1385,874,64,232,0,0,0,0,0,"0","No","No","No","No","No","No",0,"Modern",NA,NA,NA,NA,NA,NA,NA,NA,NA,NA,NA
"160","raburry01",2218,947,2472,340,626,147,13,93,358,16,10,210,683,10,26,9,17,58,2725,0.253236245954693,373,0.436084142394822,0.316330275229358,0.75241441762418,0.250642201834862,0.0770642201834862,0.307467057101025,1.52481520591341,"LF",556,14798,1062,382,56,92,0,0,0,0,0,"0","No","No","No","No","No","No",0,"Modern",NA,NA,NA,NA,NA,NA,NA,NA,NA,NA,NA
"161","reddijo01",3892,1305,4408,597,1157,219,33,146,575,61,18,393,791,21,7,6,46,75,4854,0.262477313974592,759,0.426497277676951,0.320766378244747,0.747263655921698,0.162958384837248,0.0809641532756489,0.496839443742099,1.75785440613027,"RF",1120,30182,2223,71,46,14,0,0,0,0,0,"0","No","No","No","No","No","No",0,"Modern",NA,NA,NA,NA,NA,NA,1,NA,NA,NA,NA
"162","reynoma01",7619,1688,5432,794,1283,253,14,298,871,64,31,707,1927,26,56,3,45,117,6240,0.23619293078056,718,0.452503681885125,0.327884615384615,0.780388297269741,0.308814102564103,0.113301282051282,0.366891541255838,4.78258293838863,"3B",1420,37974,6456,1617,175,766,0,0,0,0,0,"0","No","No","No","No","No","No",0,"Modern",NA,NA,NA,NA,NA,NA,NA,NA,NA,NA,NA
"163","riverre01",3648,542,1492,120,330,65,2,43,176,1,1,93,446,10,17,17,10,30,1612,0.221179624664879,220,0.353887399463807,0.272952853598015,0.626840253061822,0.276674937965261,0.0576923076923077,0.208520179372197,7.40590405904059,"C",435,11701,3734,280,36,31,41,0,237,136,0,"0","No","No","No","No","No","No",0,"Modern",NA,NA,NA,NA,NA,NA,NA,NA,NA,NA,NA
"164","rodrise01",6589,1103,2572,344,580,124,14,81,298,42,19,225,775,8,62,37,17,57,2876,0.225505443234837,361,0.379082426127527,0.301460361613352,0.680542787740879,0.269471488178025,0.0782336578581363,0.290322580645161,2.80689029918404,"LF",637,18933,1757,1339,63,354,0,0,0,0,0,"0","No","No","No","No","No","No",0,"Modern",NA,NA,NA,NA,NA,NA,NA,NA,NA,NA,NA
"165","rominan01",1159,613,1262,157,294,41,5,11,86,40,12,86,312,1,13,26,4,26,1365,0.232963549920761,237,0.299524564183835,0.287912087912088,0.587436652095923,0.228571428571429,0.063003663003663,0.275641025641026,2.50570962479608,"SS",324,9936,780,756,33,184,0,0,0,0,0,"0","No","No","No","No","No","No",0,"Modern",NA,NA,NA,NA,NA,NA,NA,NA,NA,NA,NA
"166","rominau01",5491,485,1352,141,311,64,1,31,166,4,1,69,366,1,6,10,12,47,1439,0.230029585798817,215,0.347633136094675,0.268241834607366,0.615874970702041,0.254343293954135,0.0479499652536484,0.188524590163934,7.30515463917526,"C",373,10173,3336,207,14,23,25,0,185,65,0,"0","No","No","No","No","No","No",0,"Modern",NA,NA,NA,NA,NA,NA,NA,NA,NA,NA,NA
"167","rosalad01",9682,653,1621,186,367,69,6,48,179,17,12,135,451,5,20,13,17,32,1793,0.226403454657619,244,0.365206662553979,0.291132180702733,0.656338843256712,0.251533742331288,0.075292805354155,0.299334811529933,3.01990811638591,"2B",417,11785,991,981,44,243,0,0,0,0,0,"0","No","No","No","No","No","No",0,"Modern",NA,NA,NA,NA,NA,NA,NA,NA,NA,NA,NA
"168","rufda01",9929,562,1420,195,340,66,3,67,202,6,1,172,444,4,25,1,15,39,1632,0.23943661971831,204,0.43169014084507,0.329044117647059,0.760734258492129,0.272058823529412,0.105392156862745,0.387387387387387,3.144128113879,"LF",320,8452,1657,110,10,140,0,0,0,0,0,"0","No","No","No","No","No","No",0,"Modern",NA,NA,NA,NA,NA,NA,NA,NA,NA,NA,NA
"169","ruggiju01",7620,483,1340,164,343,72,4,53,163,40,25,114,394,1,12,4,7,23,1473,0.255970149253731,214,0.434328358208955,0.318397827562797,0.752726185771752,0.267481330617787,0.0773930753564155,0.289340101522843,1.59627329192547,"CF",321,9035,760,11,11,1,0,0,0,0,0,"0","No","No","No","No","No","No",0,"Modern",NA,NA,NA,NA,NA,NA,NA,NA,NA,NA,NA
"170","saltaja01",5557,895,2852,377,662,161,6,110,381,5,7,304,984,12,10,4,21,48,3187,0.232117812061711,385,0.408485273492286,0.306244116724192,0.714729390216478,0.308754314402259,0.0953875117665516,0.308943089430894,6.42122905027933,"C",741,19866,5428,319,74,67,56,0,536,150,0,"0","No","No","No","No","No","No",0,"Modern",NA,NA,NA,NA,NA,NA,NA,NA,NA,NA,NA
"171","simmoan01",10847,1226,4441,501,1169,201,23,70,444,72,24,304,461,15,26,16,29,163,4800,0.26322900247692,875,0.366133753659086,0.312291666666667,0.678425420325752,0.0960416666666667,0.0633333333333333,0.65943600867679,4.20962479608483,"SS",1190,31333,1779,3382,101,788,0,0,0,0,0,"0","No","No","No","No","No","No",0,"Modern",NA,NA,NA,NA,NA,NA,4,NA,NA,NA,NA
"172","smithse01",7331,1249,3582,525,934,224,31,126,458,22,7,431,797,33,38,2,30,75,4081,0.260748185371301,553,0.446119486320491,0.343788287184514,0.789907773505005,0.195295270766969,0.105611369762313,0.54077791718946,1.19615692554043,"LF",787,20270,1454,40,15,6,0,0,0,0,0,"0","No","No","No","No","No","No",0,"Modern",NA,NA,NA,NA,NA,NA,NA,NA,NA,NA,NA
"173","sogarer01",7927,815,2236,267,551,104,11,26,187,46,15,207,342,9,17,19,14,42,2474,0.246422182468694,410,0.337656529516995,0.313257881972514,0.650914411489509,0.13823767178658,0.0836701697655618,0.605263157894737,3.13865030674847,"2B",568,15725,1009,1549,48,325,0,0,0,0,0,"0","No","No","No","No","No","No",0,"Modern",NA,NA,NA,NA,NA,NA,NA,NA,NA,NA,NA
"174","solando01",8623,686,2058,205,572,101,8,27,206,13,4,129,404,7,29,14,17,44,2233,0.277939747327502,436,0.374149659863946,0.326914464845499,0.701064124709445,0.180922525750112,0.057769816390506,0.319306930693069,3.11953352769679,"2B",463,12541,936,1204,39,275,0,0,0,0,0,"0","No","No","No","No","No","No",0,"Modern",NA,NA,NA,NA,NA,NA,NA,NA,NA,1,NA
"175","spande01",8347,1359,5326,773,1498,265,72,71,490,185,59,515,716,9,36,52,27,86,5904,0.281261734885468,1090,0.398047315058205,0.347052845528455,0.74510016058666,0.121273712737127,0.0872289972899729,0.71927374301676,2.38704930095659,"CF",1275,34083,3198,46,30,19,0,0,0,0,0,"0","No","No","No","No","No","No",0,"Modern",NA,NA,NA,NA,NA,NA,NA,NA,NA,NA,NA
"176","stewach01",3878,457,1184,106,272,42,2,9,90,6,1,99,191,9,18,23,10,25,1311,0.22972972972973,219,0.291385135135135,0.296720061022121,0.588105196157256,0.145690312738368,0.0755148741418764,0.518324607329843,6.92997811816193,"C",349,9618,2926,241,36,22,41,0,222,88,0,"0","No","No","No","No","No","No",0,"Modern",NA,NA,NA,NA,NA,NA,NA,NA,NA,NA,NA
"177","valbulu01",4969,1011,3148,377,710,169,9,114,367,11,16,374,788,17,19,9,21,57,3562,0.225540025412961,418,0.393583227445997,0.309657495788883,0.70324072323488,0.22122403144301,0.104997192588433,0.474619289340102,3.18199802176063,"3B",846,22714,1503,1714,72,339,0,0,0,0,0,"0","No","No","No","No","No","No",0,"Modern",NA,NA,NA,NA,NA,NA,NA,NA,NA,NA,NA
"178","walkene01",7539,1306,4583,611,1224,238,22,149,609,32,22,460,931,27,55,10,44,97,5142,0.267073969015928,815,0.426140082915121,0.338195254764683,0.764335337679804,0.181057954103462,0.0894593543368339,0.494092373791622,4.36830015313936,"2B",1176,31283,2761,2944,65,730,0,0,0,0,0,"0","No","No","No","No","No","No",0,"Modern",NA,NA,NA,NA,NA,NA,NA,NA,NA,1,NA
"179","wilsobo02",6564,386,932,83,189,40,0,18,102,0,3,70,227,1,3,32,10,27,1015,0.202789699570815,131,0.303648068669528,0.258128078817734,0.561776147487262,0.223645320197044,0.0689655172413793,0.308370044052863,6.4559585492228,"C",295,8003,2347,145,13,19,14,0,195,63,0,"0","No","No","No","No","No","No",0,"Modern",NA,NA,NA,NA,NA,NA,NA,NA,NA,NA,NA
