"","playerID","fg_playerID","POS","W","L","G","GS","CG","SHO","SV","IP","IPouts","H","ER","HR","BB","SO","BAOpp","ERA","SO%","BB%","SO:BB","IBB","WP","HBP","BK","BFP","GF","R","SH","SF","GIDP","InnOuts","PO","A","E","DP","Pitching Triple Crown","300_wins","3000_so","300_sv","ped_use","inducted","play_era","WAR","WHIP","BABIP","LOB%","FIP","all_star_appearances","num_gold_gloves","num_cy_young","num_mvp","num_ws_mvp"
"1","kershcl01",2036,"SP",197,87,401,398,25,15,0,2580.9,7743,1955,711,206,629,2807,0.19242125984252,2.47936766244333,0.276279527559055,0.0619094488188976,4.46263910969793,27,95,39,22,10160,1,777,90,29,177,7743,73,358,11,15,"1","No","No","No","No",0,"Modern",73.4,1,0.27,0.791,2.76,9,1,3,1,NA
"2","kimbrcr01",6655,"RP",41,36,709,0,0,0,394,688.4,2065,398,177,56,280,1098,0.144885329450309,2.31406159209762,0.399708773207135,0.10192937750273,3.92142857142857,9,63,31,2,2747,567,196,8,8,30,2065,28,43,2,2,"0","No","No","Yes","No",0,"Modern",20.2,0.98,0.267,0.814,2.34,8,NA,NA,NA,NA
"3","scherma01",3137,"SP",201,102,430,421,12,5,0,2681.9,8046,2180,927,300,701,3193,0.201274120579817,3.11085424512472,0.294801957344659,0.0647216323515834,4.55492154065621,20,74,107,7,10831,2,998,59,54,139,8046,141,198,16,14,"0","No","Yes","No","No",0,"Modern",70.3,1.07,0.288,0.775,3.1,8,NA,3,NA,NA
"4","verlaju01",8700,"SP",244,133,482,482,26,9,0,3162.9,9489,2654,1139,322,880,3198,0.206055900621118,3.24101299440387,0.248291925465839,0.0683229813664596,3.63409090909091,27,90,104,19,12880,0,1235,44,69,168,9489,177,304,34,30,"1","No","Yes","No","No",0,"Modern",78,1.12,0.278,0.754,3.36,8,NA,2,1,NA
"5","chapmar01",10233,"RP",44,35,667,0,0,0,315,639.9,1920,366,176,42,318,1045,0.140823393612928,2.47538677918425,0.402077722200846,0.122354751827626,3.28616352201258,5,68,30,2,2599,484,191,5,13,20,1920,19,44,11,1,"0","No","No","Yes","No",0,"Modern",20.1,1.07,0.278,0.798,2.35,7,NA,NA,NA,NA
"6","salech01",10603,"SP",114,75,323,243,16,3,12,1678,5034,1362,565,178,387,2064,0.201718009478673,3.03039332538737,0.305687203791469,0.0573163507109005,5.33333333333333,15,38,103,1,6752,25,612,20,28,115,5034,68,155,4,10,"0","No","No","No","No",0,"Modern",45.5,1.04,0.295,0.774,2.92,7,NA,NA,NA,NA
"7","hernafe02",4772,"SP",169,136,419,418,25,11,0,2729.8,8189,2487,1037,264,805,2524,0.220400567174761,3.41893178987472,0.223679546260191,0.0713399503722084,3.13540372670807,16,156,105,7,11284,0,1157,50,56,271,8189,188,321,19,28,"0","No","No","No","No",0,"Modern",54,1.21,0.293,0.74,3.52,6,NA,1,NA,NA
"8","rodrifr03",1642,"RP",52,53,948,0,0,0,437,975.9,2928,738,310,98,389,1142,0.183994016454749,2.85889947740547,0.284717028172526,0.0969832959361755,2.93573264781491,42,68,17,2,4011,677,336,24,22,48,2928,70,65,4,3,"0","No","No","Yes","No",0,"Modern",16.3,1.15,0.271,0.803,3.31,6,NA,NA,NA,NA
"9","darviyu01",13074,"SP",95,75,242,242,2,1,0,1488,4464,1195,579,187,479,1788,0.195773263433814,3.50201612903226,0.292922673656619,0.0784731323722149,3.73277661795407,8,76,66,5,6104,0,609,11,37,92,4464,96,109,5,12,"0","No","No","No","No",0,"Modern",32,1.13,0.281,0.765,3.46,5,NA,NA,NA,NA
"10","lestejo01",4930,"SP",200,117,452,451,15,4,0,2740,8220,2610,1114,294,892,2488,0.227213371637503,3.65912408759124,0.216592669974754,0.0776529990423958,2.78923766816144,13,63,90,1,11487,0,1215,61,67,250,8220,147,266,20,18,"0","No","No","No","No",0,"Modern",46.2,1.28,0.3,0.747,3.78,5,NA,NA,NA,NA
"11","priceda01",3184,"SP",157,82,400,322,17,3,3,2143.7,6431,1930,790,221,562,2076,0.21914386283638,3.31669543312964,0.235721585102759,0.0638128761212672,3.69395017793594,16,40,63,5,8807,19,865,35,45,155,6431,82,227,13,12,"0","No","No","No","No",0,"Modern",42.5,1.16,0.29,0.753,3.39,5,NA,1,NA,NA
"12","bumgama01",5524,"SP",134,121,354,351,16,7,0,2192.7,6578,1982,834,254,529,2060,0.220026642984014,3.42317690518539,0.228685612788632,0.0587255772646536,3.89413988657845,38,29,88,8,9008,1,913,63,51,154,6578,55,239,16,10,"0","No","No","No","No",0,"Modern",32.6,1.14,0.284,0.751,3.59,4,NA,NA,NA,1
"13","colonba01",375,"SP",247,188,565,552,38,13,0,3461.4,10385,3593,1584,439,948,2535,0.245172296144661,4.1185647425897,0.172978505629478,0.0646878198567042,2.67405063291139,47,45,64,6,14655,2,1719,121,91,312,10385,188,456,48,47,"0","No","No","No","Yes",0,"Modern",51,1.31,0.296,0.723,4.15,4,NA,1,NA,NA
"14","greinza01",1943,"SP",223,141,556,514,17,5,1,3247,9741,3049,1235,342,739,2882,0.229524239686841,3.42315983985217,0.216952725082806,0.0556308340861186,3.89986468200271,25,99,75,6,13284,8,1328,82,59,253,9741,329,462,9,60,"0","No","No","No","No",0,"Modern",65.5,1.17,0.293,0.749,3.47,4,6,1,NA,NA
"15","hamelco01",4972,"SP",163,122,423,422,17,7,0,2698,8094,2424,1027,310,767,2560,0.21808367071525,3.42587101556709,0.230319388214125,0.0690058479532164,3.33767926988266,43,57,100,14,11115,0,1103,76,54,215,8094,113,323,21,14,"0","No","No","No","No",0,"Modern",51.6,1.18,0.287,0.766,3.68,4,NA,NA,NA,1
"16","melanma01",4264,"RP",37,40,732,0,0,0,262,726.7,2180,657,237,44,192,643,0.22039584032204,2.93518645933673,0.21569942972157,0.0644079168064408,3.34895833333333,23,44,25,0,2981,454,276,7,12,70,2180,72,110,4,16,"0","No","No","No","No",0,"Modern",11.9,1.17,0.295,0.736,3.04,4,NA,NA,NA,NA
"17","cainma01",4732,"SP",104,118,342,331,15,6,0,2085.6,6257,1849,853,211,712,1694,0.212553167030693,3.68095512082854,0.194735027014599,0.0818484883319922,2.37921348314607,42,70,62,4,8699,4,910,87,67,124,6257,131,229,17,16,"0","No","No","No","No",0,"Modern",28.1,1.23,0.272,0.736,3.92,3,NA,NA,NA,NA
"18","daviswa01",7441,"RP",63,55,557,88,2,1,141,990.2,2971,895,433,104,389,929,0.213145987139795,3.93556857200566,0.221243153131698,0.092641105025006,2.38817480719794,11,46,32,0,4199,270,458,11,27,74,2971,78,85,7,14,"0","No","No","No","No",0,"Modern",13.7,1.3,0.288,0.733,3.86,3,NA,NA,NA,NA
"19","handbr01",9111,"RP",35,52,519,43,0,0,131,718.3,2155,619,289,74,275,723,0.204290429042904,3.62104970068217,0.238613861386139,0.0907590759075908,2.62909090909091,23,26,41,1,3030,239,323,25,18,52,2155,21,87,5,4,"0","No","No","No","No",0,"Modern",7.6,1.24,0.284,0.736,3.78,3,NA,NA,NA,NA
"20","hendrli01",3548,"RP",31,34,471,44,1,0,115,644.9,1935,614,273,76,158,724,0.228507629326386,3.8098930066677,0.269445478228508,0.0588016375139561,4.58227848101266,16,42,19,0,2687,209,305,9,22,42,1935,43,47,2,1,"0","No","No","No","No",0,"Modern",13.8,1.2,0.315,0.71,3.25,3,NA,NA,NA,NA
"21","hollagr01",7196,"RP",30,28,556,0,0,0,220,547.7,1643,417,191,43,241,677,0.183619550858653,3.13857951433266,0.29810656098635,0.106120651695288,2.80912863070539,20,50,7,2,2271,355,211,14,13,40,1643,44,42,2,5,"0","No","No","No","No",0,"Modern",11.8,1.2,0.287,0.751,3.03,3,NA,NA,NA,NA
"22","janseke01",3096,"RP",42,28,766,0,0,0,391,769,2307,495,210,71,226,1107,0.162828947368421,2.45773732119636,0.364144736842105,0.0743421052631579,4.89823008849558,15,18,28,11,3040,573,225,6,15,21,2307,34,27,5,3,"0","No","No","Yes","No",0,"Modern",22.3,0.94,0.264,0.807,2.44,3,NA,NA,NA,NA
"23","kazmisc01",4897,"SP",108,97,303,301,3,1,0,1700.9,5103,1611,760,193,687,1618,0.220443349753695,4.02140043506379,0.221401204159825,0.0940065681444992,2.3551673944687,17,74,68,6,7308,0,830,34,43,129,5103,61,159,25,5,"0","No","No","No","No",0,"Modern",25.1,1.35,0.299,0.733,4.02,3,NA,NA,NA,NA
"24","klubeco01",2429,"SP",113,71,256,251,18,8,0,1586.7,4760,1417,584,160,347,1683,0.220338983050847,3.3125354509359,0.26170113512673,0.0539573938734256,4.85014409221902,9,30,61,2,6431,3,637,32,23,114,4760,115,128,5,8,"0","No","No","No","No",0,"Modern",39.1,1.11,0.301,0.742,3.09,3,NA,2,NA,NA
"25","perkigl01",8041,"RP",35,25,409,44,0,0,120,624.5,1873,646,269,74,158,504,0.245161290322581,3.87670136108887,0.191271347248577,0.0599620493358634,3.18987341772152,13,21,22,2,2635,228,290,23,21,55,1873,19,86,4,3,"0","No","No","No","No",0,"Modern",7.7,1.29,0.305,0.742,3.9,3,NA,NA,NA,NA
"26","rodnefe01",494,"RP",48,71,951,0,0,0,327,933.2,2799,817,394,73,464,943,0.201033464566929,3.79982854693528,0.232037401574803,0.114173228346457,2.0323275862069,38,65,52,3,4064,590,433,37,19,75,2799,59,103,8,5,"0","No","No","Yes","No",0,"Modern",8.6,1.37,0.294,0.731,3.77,3,NA,NA,NA,NA
"27","strasst01",10131,"SP",113,62,247,247,2,2,0,1470,4410,1217,530,149,394,1723,0.204126132170413,3.24489795918367,0.2889969808789,0.0660852063066085,4.37309644670051,20,44,53,4,5962,0,582,39,27,106,4410,97,131,11,5,"0","No","No","No","No",0,"Modern",36.6,1.1,0.293,0.743,3.02,3,NA,NA,NA,1
"28","wainwad01",2233,"SP",195,117,457,390,28,11,3,2567.4,7702,2426,964,213,695,2147,0.228179082016554,3.37929422762328,0.20193754702784,0.0653686982693755,3.08920863309353,40,50,80,4,10632,13,1028,99,57,243,7702,228,312,10,28,"0","No","No","No","No",0,"Modern",48,1.22,0.295,0.749,3.45,3,2,NA,NA,NA
"29","weaveje02",4235,"SP",150,98,331,331,14,8,0,2067.3,6202,1912,833,262,551,1621,0.224123783847146,3.62646930779277,0.190012894150744,0.0645879732739421,2.94192377495463,17,37,55,3,8531,0,879,34,49,110,6202,103,172,16,8,"0","No","No","No","No",0,"Modern",30.4,1.19,0.273,0.762,4.07,3,NA,NA,NA,NA
"30","archech01",6345,"SP",63,89,243,240,3,3,0,1357,4071,1232,592,165,476,1454,0.215271710641272,3.92630803242447,0.254062554604229,0.0831731609295824,3.0546218487395,8,72,41,0,5723,1,654,22,32,98,4071,61,111,14,8,"0","No","No","No","No",0,"Modern",20.8,1.26,0.297,0.721,3.72,2,NA,NA,NA,NA
"31","brittza01",3240,"RP",35,26,442,46,0,0,154,640.9,1923,546,223,39,264,532,0.205882352941176,3.131533780621,0.200603318250377,0.0995475113122172,2.01515151515152,13,48,12,0,2652,250,255,15,14,92,1923,30,116,7,9,"0","No","No","No","No",0,"Modern",9.8,1.26,0.281,0.739,3.54,2,NA,NA,NA,NA
"32","broxtjo01",4759,"RP",43,38,694,0,0,0,118,676.1,2028,580,256,51,268,758,0.204513399153738,3.40777991421387,0.267277856135402,0.0944992947813822,2.82835820895522,34,21,20,0,2836,293,285,24,21,55,2028,37,83,2,2,"0","No","No","No","No",0,"Modern",10.6,1.25,0.304,0.732,3.14,2,NA,NA,NA,NA
"33","buchhcl01",3543,"SP",90,69,236,218,10,6,0,1332.2,3997,1272,589,139,458,1024,0.226859283039058,3.97913226242306,0.18262885678616,0.0816836097734974,2.23580786026201,11,30,49,4,5607,7,644,20,46,147,3997,141,135,16,8,"0","No","No","No","No",0,"Modern",16.1,1.3,0.288,0.716,4.07,2,NA,NA,NA,NA
"34","clippty01",5640,"RP",56,48,807,14,0,0,74,872.2,2617,625,306,112,344,956,0.174825174825175,3.15753267599175,0.267412587412587,0.0962237762237762,2.77906976744186,19,48,32,6,3575,212,327,27,27,30,2617,28,60,6,8,"0","No","No","No","No",0,"Modern",8.6,1.11,0.241,0.798,3.89,2,NA,NA,NA,NA
"35","corbipa01",9323,"SP",87,103,278,260,6,2,2,1537.8,4613,1600,736,205,468,1466,0.242718446601942,4.30745220444791,0.222390776699029,0.070995145631068,3.13247863247863,22,52,41,1,6592,9,796,44,34,121,4613,71,237,5,11,"0","No","No","No","No",0,"Modern",22.3,1.34,0.316,0.721,3.96,2,NA,NA,NA,NA
"36","cuetojo01",6893,"SP",143,107,355,353,18,8,0,2192.7,6578,2029,839,232,619,1812,0.22284459088413,3.44369954850185,0.199011532125206,0.0679846238330588,2.92730210016155,21,36,117,17,9105,0,910,83,43,174,6578,181,277,27,16,"0","No","No","No","No",0,"Modern",32.5,1.21,0.284,0.76,3.85,2,NA,NA,NA,NA
"37","gonzagi01",7448,"SP",131,101,344,328,4,2,0,1933.1,5799,1744,795,171,815,1860,0.211599126425625,3.7013087786457,0.225673380247513,0.0988837660761951,2.28220858895706,21,59,50,4,8242,4,857,60,46,150,5799,79,250,10,11,"0","No","No","No","No",0,"Modern",32.2,1.32,0.294,0.739,3.68,2,NA,NA,NA,NA
"38","keuchda01",9434,"SP",101,91,268,257,12,4,0,1588.1,4764,1594,702,169,489,1218,0.237768496420048,3.97833889553555,0.181682577565632,0.0729415274463007,2.49079754601227,11,58,37,0,6704,2,760,29,28,193,4764,95,309,10,24,"0","No","No","No","No",0,"Modern",20.6,1.31,0.297,0.722,3.98,2,5,1,NA,NA
"39","lynnla01",2520,"SP",123,84,309,285,4,2,1,1705.3,5116,1554,667,171,593,1715,0.215803360644355,3.52020172403683,0.238161366476878,0.0823496736564366,2.8920741989882,20,55,76,0,7201,4,725,44,33,127,5116,74,129,12,10,"0","No","No","No","No",0,"Modern",31.3,1.26,0.298,0.755,3.61,2,NA,NA,NA,NA
"40","millean01",6785,"RP",55,55,612,66,0,0,63,829,2487,732,371,80,383,979,0.202265819287096,4.02774427020507,0.270516717325228,0.105830339872893,2.55613577023499,14,44,61,2,3619,147,413,39,30,60,2487,34,68,10,4,"0","No","No","No","No",0,"Modern",12.8,1.34,0.308,0.717,3.63,2,NA,NA,NA,NA
"41","mortoch02",4676,"SP",116,101,323,322,3,2,0,1797.1,5391,1687,805,166,639,1697,0.21954711087975,4.03149518668967,0.22084851639771,0.0831598125976054,2.65571205007825,22,63,156,5,7684,0,890,58,49,176,5391,88,179,19,10,"0","No","No","No","No",0,"Modern",26.6,1.29,0.303,0.708,3.77,2,NA,NA,NA,NA
"42","santaer01",3200,"SP",151,129,425,386,21,11,0,2486.7,7460,2391,1135,331,776,1978,0.228105323411563,4.10785378212088,0.188704445716466,0.0740316733447815,2.54896907216495,35,104,104,11,10482,20,1221,50,72,190,7460,196,194,16,23,"0","No","No","No","Yes",0,"Modern",28,1.27,0.282,0.73,4.31,2,NA,NA,NA,NA
"43","soriajo01",6941,"RP",36,45,773,1,0,0,229,763,2289,633,264,67,231,831,0.201207883026065,3.11402359108781,0.264144945963128,0.0734265734265734,3.5974025974026,18,33,27,8,3146,427,279,19,25,52,2289,53,92,3,8,"0","No","No","No","No",0,"Modern",15.4,1.13,0.284,0.768,3.12,2,NA,NA,NA,NA
"44","streehu01",8258,"RP",42,34,668,0,0,0,324,679.9,2040,542,223,70,183,665,0.199411331861663,2.95190469186645,0.244665194996321,0.0673289183222958,3.63387978142076,37,20,8,1,2718,525,237,21,19,34,2040,43,97,5,8,"0","No","No","Yes","No",0,"Modern",10.6,1.07,0.263,0.781,3.33,2,NA,NA,NA,NA
"45","teherju01",6797,"SP",78,77,240,236,5,3,0,1396.4,4189,1232,590,189,477,1207,0.211357008063133,3.80263534803781,0.207068107737176,0.0818322182192486,2.53039832285115,22,27,67,6,5829,0,635,53,30,84,4189,85,222,6,18,"0","No","No","No","No",0,"Modern",12.9,1.22,0.268,0.755,4.34,2,NA,NA,NA,NA
"46","zimmejo02",4505,"SP",95,91,279,275,8,4,0,1614,4842,1673,730,195,346,1271,0.247265740467041,4.07063197026022,0.187851019804907,0.0511380431569613,3.67341040462428,12,25,60,2,6766,2,789,53,41,113,4842,104,197,14,8,"0","No","No","No","No",0,"Modern",25.4,1.25,0.302,0.714,3.87,2,NA,NA,NA,NA
"47","arrieja01",4153,"SP",115,93,285,279,6,5,0,1612.3,4837,1450,713,181,571,1433,0.214655810510733,3.98002853067047,0.212139156180607,0.0845299777942265,2.50963222416813,23,79,64,1,6755,1,787,33,40,135,4837,136,254,31,24,"0","No","No","No","No",0,"Modern",23.6,1.25,0.282,0.709,4,1,NA,1,NA,NA
"48","arroybr01",978,"SP",148,137,419,383,16,6,1,2435.7,7307,2507,1158,347,661,1571,0.242503385567808,4.27885207537874,0.15196362932869,0.0639388663184368,2.3767019667171,60,42,105,6,10338,6,1260,91,64,183,7307,221,325,16,22,"0","No","No","No","No",0,"Modern",21.6,1.3,0.282,0.722,4.6,1,1,NA,NA,NA
"49","brachbr01",6627,"RP",38,29,531,0,0,0,34,552.7,1658,475,218,57,264,589,0.202041684389621,3.54984620951692,0.250531688643131,0.112292641429179,2.23106060606061,23,30,8,3,2351,143,246,10,24,42,1658,30,56,9,9,"0","No","No","No","No",0,"Modern",4.6,1.34,0.292,0.751,3.83,1,NA,NA,NA,NA
"50","cahiltr01",6249,"RP",86,99,361,233,3,2,1,1507.8,4523,1447,713,170,615,1151,0.223993808049536,4.2558694787107,0.178173374613003,0.0952012383900929,1.87154471544715,12,100,63,4,6460,47,774,52,50,147,4523,81,269,15,12,"0","No","No","No","No",0,"Modern",10.6,1.37,0.286,0.716,4.39,1,NA,NA,NA,NA
"51","dukeza01",3840,"RP",69,91,570,169,6,3,4,1360.1,4080,1554,651,132,419,854,0.262721893491124,4.30777148739063,0.144378698224852,0.0708368554522401,2.0381861575179,31,32,45,8,5915,67,714,72,38,161,4080,81,243,9,20,"0","No","No","No","No",0,"Modern",15.4,1.45,0.318,0.711,4.15,1,NA,NA,NA,NA
"52","eovalna01",9132,"SP",67,68,240,221,2,1,0,1257.6,3773,1307,581,140,356,1060,0.244070961718021,4.15791984732824,0.197945845004669,0.0664799253034547,2.97752808988764,16,43,35,0,5355,5,619,28,26,115,3773,95,170,5,14,"0","No","No","No","No",0,"Modern",19.7,1.32,0.31,0.718,3.83,1,NA,NA,NA,NA
"53","estrama01",1118,"RP",62,68,283,194,0,0,0,1251.4,3754,1125,596,199,395,1094,0.21551724137931,4.2863992328592,0.209578544061303,0.0756704980842912,2.76962025316456,6,29,26,4,5220,22,626,26,29,47,3754,46,114,3,3,"0","No","No","No","No",0,"Modern",11.5,1.21,0.264,0.726,4.45,1,NA,NA,NA,NA
"54","familje01",5114,"RP",34,28,547,1,0,0,125,543,1629,481,212,42,253,568,0.206615120274914,3.51381215469613,0.243986254295533,0.108676975945017,2.24505928853755,27,31,18,0,2328,248,235,15,8,57,1629,27,65,6,4,"0","No","No","No","No",0,"Modern",5.7,1.35,0.303,0.746,3.56,1,NA,NA,NA,NA
"55","gallayo01",8173,"SP",121,101,319,307,4,3,1,1816.6,5450,1770,820,205,710,1584,0.227126908764276,4.06253440493229,0.203259335300911,0.0911074040805851,2.23098591549296,26,78,24,1,7793,6,878,66,47,152,5450,119,229,7,20,"0","No","No","No","No",0,"Modern",21.1,1.37,0.297,0.733,4.04,1,NA,NA,NA,NA
"56","grillja01",521,"RP",34,47,595,16,1,0,79,684.8,2054,644,321,76,292,694,0.216908049848434,4.21875,0.233748736948467,0.0983496126641967,2.37671232876712,26,29,34,0,2969,199,339,21,23,47,2054,29,79,8,6,"0","No","No","No","No",0,"Modern",6.2,1.37,0.303,0.731,3.96,1,NA,NA,NA,NA
"57","happja01",7410,"SP",133,100,354,328,4,3,0,1893.5,5681,1822,868,261,668,1661,0.226391650099404,4.12569316081331,0.206386679920477,0.0830019880715706,2.48652694610778,16,47,41,5,8048,10,919,47,44,150,5681,52,192,8,2,"0","No","No","No","No",0,"Modern",21.7,1.31,0.288,0.744,4.29,1,NA,NA,NA,NA
"58","hugheph01",7450,"SP",88,79,290,211,5,1,3,1291.1,3873,1384,648,191,313,1040,0.251819505094614,4.51707846022771,0.189228529839884,0.0569505094614265,3.32268370607029,12,33,32,3,5496,25,684,18,45,85,3873,49,94,3,4,"0","No","No","No","No",0,"Modern",17.7,1.31,0.304,0.715,4.22,1,NA,NA,NA,NA
"59","jacksed01",1841,"SP",107,133,412,318,5,3,1,1960,5880,2094,1040,249,779,1508,0.244369237950753,4.77551020408163,0.175983195238651,0.0909090909090909,1.93581514762516,39,108,39,8,8569,30,1135,69,54,174,5880,144,187,31,17,"0","No","No","No","No",0,"Modern",17.6,1.47,0.308,0.693,4.48,1,NA,NA,NA,NA
"60","jimenub01",3374,"SP",114,117,329,315,9,3,1,1870.1,5610,1757,901,186,848,1720,0.217074376081048,4.33613175766002,0.212503088707685,0.104768964665184,2.02830188679245,31,93,78,6,8094,4,968,43,38,147,5610,115,226,19,19,"0","No","No","No","No",0,"Modern",29,1.39,0.299,0.708,4.05,1,NA,NA,NA,NA
"61","johnsji04",3656,"RP",38,46,674,2,0,0,178,704.7,2114,704,297,54,237,531,0.234666666666667,3.79310344827586,0.177,0.079,2.24050632911392,27,33,36,3,3000,324,330,22,20,101,2114,39,106,7,9,"0","No","No","No","No",0,"Modern",6.1,1.34,0.303,0.718,3.76,1,NA,NA,NA,NA
"62","lackejo01",1507,"SP",188,147,448,446,18,8,0,2840.2,8521,2862,1237,319,815,2294,0.237905236907731,3.91979438067742,0.190689941812136,0.0677472984206151,2.81472392638037,32,125,133,12,12030,0,1347,72,72,259,8521,222,299,28,29,"0","No","No","No","No",0,"Modern",43.2,1.29,0.3,0.732,3.94,1,NA,NA,NA,NA
"63","liriafr01",3201,"SP",112,114,419,300,3,1,1,1813.8,5441,1649,837,184,816,1815,0.211926487597995,4.15315911346345,0.23326050636165,0.10487083922375,2.22426470588235,15,100,62,8,7781,19,911,43,50,181,5441,45,239,11,18,"0","No","No","No","No",0,"Modern",23.9,1.36,0.299,0.712,3.88,1,NA,NA,NA,NA
"64","mikolmi01",9803,"SP",45,40,143,115,3,2,0,723,2169,688,297,86,145,536,0.231727854496463,3.69709543568465,0.180532165712361,0.0488379925900977,3.69655172413793,7,11,34,5,2969,10,323,16,22,66,2169,59,95,5,7,"0","No","No","No","No",0,"Modern",9.8,1.15,0.278,0.729,3.96,1,NA,NA,NA,NA
"65","mileywa01",8779,"SP",99,94,292,285,3,2,0,1618,4854,1663,742,178,563,1280,0.23948732718894,4.12731767614339,0.184331797235023,0.0810771889400922,2.27353463587922,10,56,41,7,6944,2,797,46,37,153,4854,54,219,13,12,"0","No","No","No","No",0,"Modern",19.1,1.38,0.304,0.729,4.1,1,NA,NA,NA,NA
"66","millesh01",10197,"SP",38,58,167,132,5,5,0,778,2334,755,364,86,312,644,0.225373134328358,4.2107969151671,0.192238805970149,0.093134328358209,2.06410256410256,18,17,20,3,3350,9,394,25,20,61,2334,43,57,7,4,"0","No","No","No","No",0,"Modern",7.4,1.37,0.292,0.717,4.18,1,NA,NA,NA,NA
"67","moorema02",1890,"RP",61,62,268,164,1,1,5,1041.5,3125,1012,515,132,445,952,0.223251709684536,4.45031204992799,0.210015442311935,0.0981689830134569,2.13932584269663,18,66,36,3,4533,34,554,27,29,76,3125,38,112,11,7,"0","No","No","No","No",0,"Modern",9.6,1.4,0.296,0.718,4.33,1,NA,NA,NA,NA
"68","odayda01",3321,"RP",42,21,644,0,0,0,21,609,1827,458,175,64,172,637,0.186103210077204,2.58620689655172,0.258837870784234,0.0698902885006095,3.70348837209302,24,3,50,3,2461,155,189,10,17,41,1827,29,66,7,5,"0","No","No","No","No",0,"Modern",8.8,1.03,0.256,0.832,3.48,1,NA,NA,NA,NA
"69","odorija01",6397,"SP",74,69,241,237,0,0,1,1253.3,3760,1137,555,171,427,1172,0.215545023696682,3.98547833718982,0.22218009478673,0.0809478672985782,2.74473067915691,9,20,35,2,5275,2,594,25,37,58,3760,62,95,9,7,"0","No","No","No","No",0,"Modern",15.9,1.25,0.278,0.739,4.16,1,NA,NA,NA,NA
"70","perezma02",6902,"SP",75,77,253,223,4,3,0,1298.9,3897,1409,640,142,470,909,0.249645641389086,4.43452151820771,0.161055988660524,0.0832742735648476,1.93404255319149,10,39,41,11,5644,11,715,27,36,175,3897,45,141,9,11,"0","No","No","No","No",0,"Modern",15.6,1.45,0.31,0.7,4.35,1,NA,NA,NA,NA
"71","pinedmi01",5372,"SP",64,61,181,180,1,0,0,1008.7,3026,990,455,144,221,966,0.236333253759847,4.05968077723803,0.230603962759609,0.0527572212938649,4.3710407239819,4,37,24,2,4189,0,488,15,29,52,3026,43,102,8,5,"0","No","No","No","Yes",0,"Modern",17.9,1.2,0.299,0.723,3.81,1,NA,NA,NA,NA
"72","pomerdr01",11426,"RP",48,58,289,140,0,0,9,858.5,2575,786,373,110,369,883,0.214285714285714,3.91030867792662,0.240730643402399,0.100599781897492,2.3929539295393,9,33,23,3,3668,30,403,22,27,83,2575,17,85,8,6,"0","No","No","No","No",0,"Modern",10.9,1.35,0.296,0.757,4.13,1,NA,NA,NA,NA
"73","quintjo01",11423,"SP",89,87,315,289,2,2,0,1723.5,5171,1698,718,174,504,1532,0.235180055401662,3.74934725848564,0.21218836565097,0.0698060941828255,3.03968253968254,23,65,41,6,7220,7,778,33,40,146,5171,64,208,7,18,"0","No","No","No","No",0,"Modern",32.7,1.28,0.307,0.733,3.62,1,NA,NA,NA,NA
"74","roberda08",8241,"RP",57,36,731,1,0,0,157,739.2,2218,550,237,65,305,977,0.180505415162455,2.88555194805195,0.320643255661306,0.10009845749918,3.20327868852459,31,44,17,4,3047,310,253,17,12,33,2218,42,43,3,1,"0","No","No","No","No",0,"Modern",15.1,1.16,0.288,0.793,2.92,1,NA,NA,NA,NA
"75","romose01",9817,"RP",42,36,821,5,0,0,137,722.7,2168,579,258,85,179,789,0.198355601233299,3.21295143212951,0.270298047276465,0.0613223706748887,4.40782122905028,21,22,27,2,2919,301,275,17,14,35,2168,19,63,3,2,"0","No","No","No","No",0,"Modern",9.9,1.05,0.269,0.766,3.33,1,NA,NA,NA,NA
"76","samarje01",3254,"RP",80,106,364,241,9,4,1,1645.5,4936,1555,759,205,491,1449,0.225656653606153,4.15132178669098,0.210274270787984,0.0712523581483094,2.95112016293279,25,60,60,0,6891,31,818,39,42,116,4936,105,161,13,10,"0","No","No","No","No",0,"Modern",19.7,1.24,0.288,0.708,3.99,1,NA,NA,NA,NA
"77","santihe01",4026,"RP",48,51,270,140,0,0,6,946.9,2841,877,434,145,440,856,0.212040618955513,4.12503960291477,0.206963249516441,0.106382978723404,1.94545454545455,15,18,50,10,4136,71,472,16,23,52,2841,40,96,4,8,"0","No","No","No","Yes",0,"Modern",3.1,1.39,0.277,0.769,4.86,1,NA,NA,NA,NA
"78","shielja02",7059,"SP",145,139,407,405,23,9,0,2616,7848,2581,1167,361,746,2234,0.234785772764486,4.01490825688073,0.203220231056127,0.0678613663240244,2.99463806970509,22,107,97,10,10993,1,1267,53,45,211,7848,187,283,30,22,"0","No","No","No","No",0,"Modern",32.3,1.27,0.294,0.739,4.17,1,NA,NA,NA,NA
"79","smithwi04",8048,"RP",31,34,513,17,0,0,91,553.6,1661,481,221,72,206,664,0.207596029348295,3.59284682080925,0.286577470867501,0.0889080707811826,3.22330097087379,20,29,14,3,2317,183,251,7,21,46,1661,13,41,4,4,"0","No","No","No","No",0,"Modern",6.6,1.24,0.301,0.75,3.62,1,NA,NA,NA,NA
"80","vargaja01",8044,"SP",99,99,298,277,13,8,0,1643,4929,1664,784,216,508,1147,0.237646386746644,4.2945830797322,0.163810339902885,0.0725506998000571,2.25787401574803,28,25,47,9,7002,8,826,40,48,138,4929,58,207,9,16,"0","No","No","No","No",0,"Modern",17.5,1.32,0.285,0.727,4.43,1,NA,NA,NA,NA
"81","volqued01",3990,"SP",95,89,294,273,4,2,0,1546.4,4639,1507,765,159,735,1323,0.221715462704134,4.45227625452664,0.194644696189495,0.108135942327497,1.8,27,77,76,6,6797,5,829,59,49,126,4639,80,171,11,6,"0","No","No","No","No",0,"Modern",12.6,1.45,0.299,0.711,4.31,1,NA,NA,NA,NA
"82","watsoto01",3132,"RP",47,29,689,0,0,0,32,648.3,1945,528,209,63,174,570,0.201526717557252,2.90143452105507,0.217557251908397,0.066412213740458,3.27586206896552,20,5,33,0,2620,109,222,27,18,63,1945,40,99,7,9,"0","No","No","No","No",0,"Modern",5.9,1.08,0.261,0.793,3.59,1,NA,NA,NA,NA
"83","youngch03",3196,"SP",79,67,271,221,1,0,1,1297.6,3893,1130,570,186,502,1062,0.206204379562044,3.95345252774353,0.193795620437956,0.0916058394160584,2.11553784860558,24,39,33,7,5480,15,605,41,38,47,3893,61,98,7,4,"0","No","No","No","No",0,"Modern",13,1.26,0.255,0.755,4.59,1,NA,NA,NA,NA
"84","alberma01",4300,"RP",47,48,616,24,0,0,7,759,2277,751,367,87,314,571,0.228406326034063,4.35177865612648,0.173661800486618,0.0954987834549878,1.81847133757962,30,29,35,1,3288,145,399,29,28,92,2277,41,99,8,11,"0","No","No","No","No",0,"Modern",0.8,1.4,0.291,0.717,4.5,NA,NA,NA,NA,NA
"85","anderbr04",8223,"SP",67,74,222,210,3,1,3,1140.1,3421,1217,516,115,304,772,0.252071251035625,4.07332690114902,0.15990057995029,0.0629660314830157,2.53947368421053,13,20,32,8,4828,4,572,28,26,134,3421,19,205,9,11,"0","No","No","No","No",0,"Modern",15.8,1.33,0.306,0.705,3.97,NA,NA,NA,NA,NA
"86","axforjo01",9059,"RP",38,34,544,1,0,0,144,525.8,1577,485,228,50,261,589,0.210412147505423,3.90262457208064,0.255531453362256,0.113232104121475,2.25670498084291,19,45,16,0,2305,286,249,14,18,38,1577,20,57,6,4,"0","No","No","No","No",0,"Modern",3.3,1.42,0.313,0.741,3.68,NA,NA,NA,NA,NA
"87","baileho02",8362,"SP",81,86,245,245,7,4,0,1401.5,4205,1455,710,175,463,1157,0.24093392945852,4.5594006421691,0.191588011260142,0.0766683225699619,2.49892008639309,31,42,56,8,6039,0,756,46,42,100,4205,126,147,11,6,"0","No","No","No","No",0,"Modern",16.5,1.37,0.306,0.705,4.2,NA,NA,NA,NA,NA
"88","bassan01",7982,"RP",16,28,360,19,1,0,15,504.7,1514,464,217,54,180,397,0.219905213270142,3.86962552011096,0.188151658767773,0.0853080568720379,2.20555555555556,21,25,9,1,2110,91,243,13,12,40,1514,56,62,5,7,"0","No","No","No","No",0,"Modern",2.3,1.28,0.279,0.71,4.06,NA,NA,NA,NA,NA
"89","belisma01",1837,"RP",52,58,693,44,1,0,14,928.9,2786,1024,446,97,238,711,0.256770310932798,4.32124017655291,0.178284854563691,0.059679037111334,2.98739495798319,42,32,37,4,3988,144,492,39,30,91,2786,72,109,8,8,"0","No","No","No","No",0,"Modern",10.8,1.36,0.319,0.694,3.84,NA,NA,NA,NA,NA
"90","benoijo01",1437,"RP",58,49,764,55,0,0,53,1068.6,3206,883,455,129,437,1058,0.196309470875945,3.83211678832117,0.235215651400623,0.0971542907959093,2.42105263157895,21,38,32,2,4498,185,485,27,40,51,3206,48,93,4,5,"0","No","No","No","No",0,"Modern",12.2,1.24,0.265,0.74,3.99,NA,NA,NA,NA,NA
"91","blantjo01",4849,"RP",101,97,427,252,8,3,2,1767.6,5303,1896,860,223,467,1284,0.251325556733828,4.37881873727088,0.170201484623542,0.0619034994697773,2.74946466809422,44,41,41,3,7544,51,914,44,57,139,5303,115,195,15,17,"0","No","No","No","No",0,"Modern",20.8,1.34,0.303,0.712,4.16,NA,NA,NA,NA,NA
"92","breslcr01",4363,"RP",23,30,576,2,0,0,8,570.5,1712,536,219,56,226,442,0.220757825370675,3.45486415425066,0.182042833607908,0.0930807248764415,1.95575221238938,18,25,17,5,2428,137,250,20,20,50,1712,20,58,4,3,"0","No","No","No","No",0,"Modern",2,1.34,0.285,0.755,4.1,NA,NA,NA,NA,NA
"93","bundydy01",12917,"SP",54,65,190,162,3,1,0,910.9,2732,902,480,163,285,852,0.232055569848212,4.74256230102097,0.2191921790584,0.0733213275019295,2.98947368421053,6,19,38,2,3887,9,515,7,26,69,2732,42,56,3,6,"0","No","No","No","No",0,"Modern",10.1,1.3,0.29,0.712,4.68,NA,NA,NA,NA,NA
"94","carraca01",6632,"SP",104,85,283,236,11,4,2,1448.1,4344,1385,623,174,380,1507,0.230948807737202,3.87197016780609,0.251292312823078,0.063365015841254,3.96578947368421,21,52,45,2,5997,21,657,19,42,112,4344,74,155,8,14,"0","No","No","No","No",0,"Modern",27.7,1.22,0.311,0.736,3.49,NA,NA,NA,NA,NA
"95","chacijh01",2608,"RP",85,91,338,227,3,1,0,1435.6,4307,1335,666,156,586,1151,0.217214448421738,4.17525773195876,0.187276277253498,0.0953465668727628,1.9641638225256,23,52,56,3,6146,20,722,42,46,124,4307,117,206,14,21,"0","No","No","No","No",0,"Modern",16,1.34,0.281,0.714,4.27,NA,NA,NA,NA,NA
"96","chatwty01",4338,"RP",52,60,229,143,2,1,5,878.8,2636,867,434,88,462,660,0.225487646293888,4.4446973145198,0.171651495448635,0.120156046814044,1.42857142857143,16,56,37,3,3845,24,463,24,23,132,2636,70,145,11,14,"0","No","No","No","No",0,"Modern",5.9,1.51,0.3,0.727,4.62,NA,NA,NA,NA,NA
"97","chaveje01",5448,"RP",48,63,571,84,0,0,8,1036,3108,1059,506,151,327,942,0.239213914614863,4.3957528957529,0.212785181838717,0.0738649198102553,2.88073394495413,29,34,26,1,4427,157,546,22,31,74,3064,51,78,4,5,"0","No","No","No","No",0,"Modern",7.1,1.34,0.305,0.721,4.23,NA,NA,NA,NA,NA
"98","cishest01",6483,"RP",33,43,737,0,0,0,133,710.6,2132,565,235,54,288,743,0.188773805546275,2.97635800731776,0.248245907116605,0.0962245238890745,2.57986111111111,38,29,59,4,2993,312,264,20,24,59,2132,47,67,17,4,"0","No","No","No","No",0,"Modern",8.9,1.2,0.276,0.775,3.49,NA,NA,NA,NA,NA
"99","cobbal01",6562,"SP",70,68,202,202,4,1,0,1159.8,3480,1130,496,120,343,967,0.232080509344835,3.84893947232281,0.198603409324297,0.0704456767303348,2.81924198250729,15,44,41,5,4869,0,544,15,26,113,3480,94,176,14,13,"0","No","No","No","No",0,"Modern",17.4,1.27,0.297,0.721,3.8,NA,NA,NA,NA,NA
"100","detwiro01",2859,"RP",30,51,307,100,1,0,2,752,2256,822,381,93,273,505,0.248263364542434,4.55984042553191,0.152521896707943,0.0824524312896406,1.84981684981685,20,24,43,1,3311,48,428,32,22,83,2256,45,90,3,5,"0","No","No","No","No",0,"Modern",2.4,1.46,0.304,0.705,4.64,NA,NA,NA,NA,NA
"101","diekmja01",5003,"RP",25,29,599,0,0,0,15,513.6,1541,423,221,43,296,660,0.186015831134565,3.87266355140187,0.29023746701847,0.130167106420405,2.22972972972973,20,39,42,1,2274,109,259,7,21,41,1541,17,52,9,2,"0","No","No","No","No",0,"Modern",4.9,1.4,0.308,0.716,3.64,NA,NA,NA,NA,NA
"102","duffyda01",3542,"SP",68,68,234,204,1,0,1,1172.3,3517,1111,514,144,432,1048,0.223361479694411,3.94608888509767,0.210695617209489,0.0868516284680338,2.42592592592593,6,52,45,4,4974,7,545,21,28,98,3517,21,119,12,7,"0","No","No","No","No",0,"Modern",16.3,1.32,0.293,0.752,4.17,NA,NA,NA,NA,NA
"103","feldmsc01",6283,"RP",78,84,342,204,5,3,0,1386.2,4159,1441,682,161,439,882,0.242756064690027,4.42793247727601,0.148584905660377,0.073955525606469,2.00911161731207,24,50,63,9,5936,45,753,30,52,143,4159,116,205,15,16,"0","No","No","No","No",0,"Modern",12.4,1.36,0.292,0.693,4.43,NA,NA,NA,NA,NA
"104","fiersmi01",7754,"SP",75,64,218,199,2,2,0,1151,3453,1119,521,184,340,995,0.230626545754328,4.07384882710686,0.205070074196208,0.0700741962077494,2.92647058823529,7,60,49,2,4852,8,554,21,29,65,3453,79,103,15,5,"0","No","No","No","No",0,"Modern",11,1.27,0.285,0.763,4.52,NA,NA,NA,NA,NA
"105","garcija01",2873,"RP",42,31,655,0,0,0,144,645.2,1936,552,236,58,277,583,0.201092896174863,3.29200247985121,0.212386156648452,0.100910746812386,2.10469314079422,33,56,38,3,2745,297,253,22,23,62,1936,28,76,7,12,"0","No","No","No","No",0,"Modern",1.4,1.28,0.276,0.781,3.94,NA,NA,NA,NA,NA
"106","garcija02",8137,"SP",70,62,218,188,4,4,0,1135.1,3405,1128,485,110,369,925,0.234560199625702,3.84547616950048,0.192347681430651,0.0767311291328759,2.50677506775068,17,62,23,7,4809,8,552,37,26,135,3405,30,182,13,7,"0","No","No","No","No",0,"Modern",14.5,1.32,0.301,0.709,3.77,NA,NA,NA,NA,NA
"107","garzama01",3340,"SP",93,106,290,284,10,4,1,1710.8,5132,1681,777,198,581,1380,0.22986462464105,4.08756137479542,0.188705045808834,0.0794475591412553,2.37521514629948,27,53,50,5,7313,4,876,58,49,146,5132,96,129,27,2,"0","No","No","No","No",0,"Modern",22.6,1.32,0.291,0.706,4.11,NA,NA,NA,NA,NA
"108","gregelu01",4090,"RP",35,36,646,0,0,0,66,617.4,1852,503,216,54,177,621,0.199761715647339,3.14868804664723,0.246624305003971,0.0702938840349484,3.50847457627119,30,30,18,2,2518,174,238,24,8,40,1852,46,129,5,8,"0","No","No","No","No",0,"Modern",8.8,1.1,0.272,0.739,3.18,NA,NA,NA,NA,NA
"109","guthrje01",2072,"SP",91,109,306,273,8,2,0,1765.4,5296,1862,867,250,510,1046,0.246361471288701,4.41996148181715,0.138396401164329,0.0674781688277322,2.05098039215686,16,33,88,5,7558,12,930,33,68,151,5296,127,228,23,17,"0","No","No","No","No",0,"Modern",11.6,1.34,0.285,0.725,4.78,NA,NA,NA,NA,NA
"110","hammeja01",4538,"SP",96,114,377,298,2,1,4,1810.4,5431,1919,929,232,567,1428,0.245208280092001,4.61831639416704,0.182468694096601,0.0724508050089445,2.51851851851852,30,77,71,6,7826,41,987,57,63,130,5431,107,201,9,11,"0","No","No","No","No",0,"Modern",20.1,1.37,0.305,0.703,4.26,NA,NA,NA,NA,NA
"111","hernada01",4259,"RP",38,47,547,27,0,0,24,648.6,1946,594,297,88,253,664,0.214131218457102,4.12118408880666,0.239365537130497,0.0912040374909877,2.62450592885375,19,45,26,4,2774,129,311,14,15,35,1946,34,39,3,1,"0","No","No","No","No",0,"Modern",5.7,1.31,0.29,0.75,4.12,NA,NA,NA,NA,NA
"112","hillri01",4806,"RP",82,59,350,221,4,2,0,1259.1,3777,1065,538,151,482,1294,0.201742754309528,3.84560400285919,0.245122182231483,0.0913051714339837,2.68464730290456,21,22,73,8,5279,13,574,37,26,87,3777,31,128,15,4,"0","No","No","No","No",0,"Modern",20.3,1.23,0.279,0.743,3.98,NA,NA,NA,NA,NA
"113","hollade01",4141,"RP",82,83,346,228,9,8,0,1466,4398,1489,753,220,533,1241,0.235787806809184,4.62278308321965,0.196516231195566,0.0844022169437846,2.32833020637899,17,33,47,8,6315,38,820,39,39,133,4398,57,170,26,7,"0","No","No","No","No",0,"Modern",13.3,1.38,0.297,0.709,4.55,NA,NA,NA,NA,NA
"114","howeljp01",8245,"RP",36,30,547,33,0,0,22,619.7,1859,561,264,59,270,566,0.211299435028249,3.83411328061965,0.213182674199623,0.101694915254237,2.0962962962963,14,35,32,4,2655,114,286,22,15,66,1859,47,98,1,9,"0","No","No","No","No",0,"Modern",4.3,1.34,0.291,0.738,3.98,NA,NA,NA,NA,NA
"115","hudsoda01",7146,"RP",59,43,479,61,3,0,32,789.5,2368,719,334,86,255,749,0.216631515516722,3.80747308423053,0.225670382645375,0.0768303705935523,2.93725490196078,12,38,35,1,3319,116,376,15,25,52,2368,39,75,8,8,"0","No","No","No","No",0,"Modern",10.7,1.23,0.289,0.712,3.73,NA,NA,NA,NA,NA
"116","hunteto02",1157,"RP",56,46,494,76,2,0,22,893.7,2681,902,397,123,203,619,0.242212674543502,3.99798590130916,0.166219119226638,0.0545112781954887,3.04926108374384,13,16,28,2,3724,106,422,18,17,91,2681,52,114,11,11,"0","No","No","No","No",0,"Modern",7.5,1.24,0.283,0.74,4.28,NA,NA,NA,NA,NA
"117","hutchdr01",10732,"SP",38,33,135,99,2,2,0,586.9,1761,623,319,84,210,493,0.242884990253411,4.89180439597887,0.192202729044834,0.0818713450292398,2.34761904761905,2,21,29,2,2565,12,341,11,27,43,1761,25,51,3,8,"0","No","No","No","No",0,"Modern",4.1,1.42,0.308,0.7,4.53,NA,NA,NA,NA,NA
"118","kellyjo05",9761,"RP",51,32,408,81,0,0,6,767.6,2303,733,336,66,321,672,0.220650210716436,3.93955184992183,0.202287778446719,0.096628537025888,2.09345794392523,10,44,39,1,3322,67,368,8,26,75,2303,66,96,17,8,"0","No","No","No","No",0,"Modern",6.3,1.37,0.3,0.725,3.9,NA,NA,NA,NA,NA
"119","kendrky01",6230,"SP",81,83,255,214,4,2,0,1289.3,3868,1424,671,177,371,705,0.254512957998213,4.68393702008842,0.126005361930295,0.0663092046470063,1.90026954177898,28,19,64,6,5595,11,722,69,35,114,3868,86,219,13,14,"0","No","No","No","No",0,"Modern",5.5,1.39,0.291,0.706,4.81,NA,NA,NA,NA,NA
"120","kenneia01",6986,"RP",104,113,481,290,2,1,66,1887.9,5664,1790,868,276,640,1754,0.223052959501558,4.13793103448276,0.218566978193146,0.0797507788161994,2.740625,28,79,82,8,8025,118,933,70,54,106,5664,94,154,11,11,"0","No","No","No","No",0,"Modern",15.2,1.29,0.287,0.743,4.3,NA,NA,NA,NA,NA
"121","leblawa01",5221,"RP",46,49,258,129,0,0,3,931.2,2794,977,470,150,283,671,0.245539080170897,4.54252577319588,0.168635335511435,0.0711233978386529,2.37102473498233,21,10,23,2,3979,43,495,26,20,69,2794,46,110,2,6,"0","No","No","No","No",0,"Modern",3.2,1.35,0.29,0.734,4.77,NA,NA,NA,NA,NA
"122","lylesjo01",7593,"RP",66,90,321,214,2,1,2,1326.4,3979,1448,752,198,446,1022,0.248840006874033,5.10253317249698,0.175631551813026,0.0766454717305379,2.2914798206278,16,50,61,3,5819,33,820,31,38,115,3979,77,149,12,11,"0","No","No","No","No",0,"Modern",7.7,1.43,0.305,0.677,4.68,NA,NA,NA,NA,NA
"123","madsory01",1852,"RP",61,48,740,18,0,0,91,869.6,2609,830,336,82,250,775,0.228587166069953,3.47746090156394,0.213439823740017,0.0688515560451666,3.1,44,40,44,5,3631,236,358,36,24,80,2609,42,103,2,6,"0","No","No","No","No",0,"Modern",12.3,1.24,0.302,0.759,3.57,NA,NA,NA,NA,NA
"124","mccarbr01",4662,"SP",69,75,255,197,9,4,0,1223.8,3671,1268,571,145,323,908,0.245593647104397,4.19921555809773,0.175866744141003,0.0625605268254891,2.81114551083591,20,26,28,3,5163,13,617,34,38,104,3671,73,143,8,14,"0","No","No","No","No",0,"Modern",16,1.3,0.299,0.708,4.03,NA,NA,NA,NA,NA
"125","mcgeeja01",7550,"RP",32,28,650,0,0,0,79,572.2,1717,500,236,70,156,613,0.211954217888936,3.71198881509962,0.259855871131836,0.066129715981348,3.92948717948718,17,24,16,1,2359,182,254,8,15,30,1717,18,43,4,1,"0","No","No","No","No",0,"Modern",8.1,1.15,0.286,0.728,3.48,NA,NA,NA,NA,NA
"126","mcgowdu01",8600,"RP",35,34,290,69,3,1,2,650.3,1951,619,325,78,279,540,0.219659332860185,4.49792403506074,0.191625266146203,0.0990063875088715,1.93548387096774,21,46,26,1,2818,62,357,6,27,49,1951,46,85,12,9,"0","No","No","No","No",0,"Modern",4.3,1.38,0.285,0.696,4.46,NA,NA,NA,NA,NA
"127","mchugco01",7531,"RP",67,46,305,126,1,0,1,934,2802,870,382,101,258,920,0.223765432098765,3.68094218415418,0.236625514403292,0.066358024691358,3.56589147286822,9,29,42,1,3888,43,405,18,22,63,2802,57,102,6,11,"0","No","No","No","No",0,"Modern",15.3,1.21,0.3,0.744,3.54,NA,NA,NA,NA,NA
"128","milonto01",7608,"SP",53,52,196,146,2,0,3,944.3,2833,1028,483,161,227,710,0.25395256916996,4.60340993328391,0.175395256916996,0.0560770750988142,3.12775330396476,17,11,21,1,4048,12,539,22,34,62,2833,39,105,4,4,"0","No","No","No","No",0,"Modern",7,1.33,0.296,0.702,4.62,NA,NA,NA,NA,NA
"129","minormi01",10021,"SP",83,90,295,228,4,2,6,1409,4227,1350,665,203,416,1273,0.228658536585366,4.24769339957417,0.215616531165312,0.0704607046070461,3.06009615384615,25,31,43,1,5904,14,696,32,39,109,4227,34,138,4,5,"0","No","No","No","No",0,"Modern",17.8,1.25,0.289,0.73,4.17,NA,NA,NA,NA,NA
"130","morrobr01",9346,"RP",51,43,334,113,4,4,40,859,2577,761,378,88,368,877,0.208321927183137,3.9604190919674,0.240076649329318,0.100739118532713,2.38315217391304,11,40,27,2,3653,95,406,17,27,50,2577,41,60,4,5,"0","No","No","No","No",0,"Modern",12.3,1.31,0.294,0.726,3.77,NA,NA,NA,NA,NA
"131","mujiced01",3970,"RP",24,28,499,4,0,0,50,553.1,1659,562,241,80,89,430,0.249334516415262,3.92153317664075,0.190771960958296,0.0394853593611358,4.8314606741573,20,9,7,5,2254,180,257,15,18,54,1659,29,74,6,6,"0","No","No","No","No",0,"Modern",1.6,1.18,0.292,0.734,3.94,NA,NA,NA,NA,NA
"132","nolasri01",3830,"SP",114,118,330,312,12,6,0,1887.6,5663,2045,957,239,460,1513,0.253753567440129,4.56293706293706,0.187740414443479,0.0570790420647723,3.28913043478261,45,52,56,5,8059,1,1023,83,63,142,5663,121,184,16,12,"0","No","No","No","No",0,"Modern",26.1,1.33,0.312,0.691,3.97,NA,NA,NA,NA,NA
"133","novaiv01",1994,"SP",90,77,240,227,10,3,1,1347.6,4043,1463,656,185,368,963,0.253201799930772,4.38112199465717,0.166666666666667,0.0636898580823815,2.61684782608696,19,64,69,3,5778,9,702,29,35,149,4043,90,142,13,11,"0","No","No","No","No",0,"Modern",13.3,1.36,0.305,0.73,4.45,NA,NA,NA,NA,NA
"134","ottavad01",1247,"RP",38,34,598,3,0,0,33,625.2,1876,533,239,59,274,727,0.200980392156863,3.4404990403071,0.274132730015083,0.103318250377074,2.65328467153285,28,56,35,2,2652,123,255,15,24,61,1876,40,54,11,2,"0","No","No","No","No",0,"Modern",8.6,1.29,0.304,0.773,3.52,NA,NA,NA,NA,NA
"135","peacobr01",5401,"RP",34,31,183,84,0,0,3,560,1680,490,256,79,241,590,0.205020920502092,4.11428571428571,0.246861924686192,0.100836820083682,2.44813278008299,4,25,21,2,2390,36,276,2,12,34,1680,27,49,7,2,"0","No","No","No","No",0,"Modern",4.8,1.31,0.282,0.742,4.27,NA,NA,NA,NA,NA
"136","pelfrmi01",5203,"SP",68,103,275,256,4,0,1,1476.5,4429,1687,767,139,542,838,0.258306538049303,4.67524551303759,0.128311131526566,0.0829888225386618,1.54612546125461,27,23,81,9,6531,5,827,62,46,183,4429,93,197,8,16,"0","No","No","No","No",0,"Modern",13.8,1.51,0.314,0.701,4.46,NA,NA,NA,NA,NA
"137","peralwi01",7738,"RP",56,61,258,139,2,1,16,911.3,2734,958,434,110,361,660,0.242593061534566,4.28618457149128,0.167130919220056,0.0914155482400608,1.82825484764543,10,36,30,1,3949,64,482,38,27,106,2734,65,94,9,11,"0","No","No","No","No",0,"Modern",4.2,1.45,0.304,0.726,4.53,NA,NA,NA,NA,NA
"138","perezol01",1514,"RP",74,94,703,195,3,2,5,1465.8,4397,1336,712,198,762,1546,0.206683168316832,4.37167417110111,0.239170792079208,0.117883663366337,2.02887139107612,40,58,88,8,6464,84,783,56,54,109,4397,38,150,11,11,"0","No","No","No","No",0,"Modern",12.3,1.43,0.294,0.735,4.49,NA,NA,NA,NA,NA
"139","petityu01",4020,"RP",50,44,515,59,2,1,8,904,2712,833,395,137,205,767,0.225195998918627,3.93252212389381,0.2073533387402,0.0554203838875372,3.74146341463415,25,17,5,3,3699,104,414,21,26,42,2712,51,71,5,3,"0","No","No","No","No",0,"Modern",6.7,1.15,0.269,0.739,4.12,NA,NA,NA,NA,NA
"140","phelpda01",6316,"RP",34,40,367,67,1,0,7,682.8,2048,625,288,71,273,666,0.215146299483649,3.79613356766257,0.229259896729776,0.0939759036144578,2.43956043956044,15,15,32,4,2905,45,309,15,18,55,2048,45,78,8,8,"0","No","No","No","No",0,"Modern",6.7,1.32,0.297,0.748,3.87,NA,NA,NA,NA,NA
"141","porceri01",2717,"SP",150,125,355,351,10,3,0,2096.3,6289,2270,1025,260,489,1561,0.254712746858169,4.40061059962792,0.175157091561939,0.0548698384201077,3.19222903885481,17,70,84,9,8912,2,1122,30,40,210,6289,140,225,26,19,"0","No","No","No","No",0,"Modern",29.6,1.32,0.308,0.694,4.06,NA,NA,1,NA,NA
"142","quallch01",2170,"RP",52,48,844,0,0,0,74,807.4,2422,819,349,83,211,624,0.241095083897557,3.8902650483032,0.183691492493377,0.0621136296732411,2.95734597156398,42,28,32,0,3397,274,382,41,25,96,2422,55,119,7,9,"0","No","No","No","No",0,"Modern",5.6,1.28,0.301,0.719,3.8,NA,NA,NA,NA,NA
"143","ramirer02",10314,"RP",37,42,276,94,0,0,4,767.9,2304,733,359,115,205,587,0.228633811603244,4.20757911186352,0.183094198378041,0.0639426076107299,2.86341463414634,11,15,38,0,3206,41,384,14,28,75,2304,33,84,3,4,"0","No","No","No","No",0,"Modern",3.3,1.22,0.273,0.726,4.5,NA,NA,NA,NA,NA
"144","richacl01",3551,"SP",69,84,275,210,5,3,1,1284.8,3854,1398,644,149,438,824,0.252209994587768,4.51120797011208,0.148655962475194,0.0790185819953094,1.88127853881279,26,43,40,14,5543,16,711,38,28,164,3854,66,259,28,12,"0","No","No","No","No",0,"Modern",7.7,1.43,0.305,0.699,4.45,NA,NA,NA,NA,NA
"145","richaga01",9784,"RP",55,50,259,152,3,2,6,984.1,2952,921,423,93,364,853,0.220387652548457,3.86850929783559,0.204115817181144,0.0871021775544389,2.34340659340659,10,87,28,1,4179,29,487,22,27,95,2952,69,100,14,5,"0","No","No","No","No",0,"Modern",13.4,1.31,0.291,0.698,3.82,NA,NA,NA,NA,NA
"146","sanchan01",3284,"SP",116,119,364,341,9,7,0,2017.6,6053,1960,910,238,686,1774,0.227721621935634,4.05927835051546,0.206111304751946,0.0797025676774718,2.58600583090379,44,62,60,19,8607,9,987,68,43,132,6053,177,234,32,15,"0","No","No","No","No",0,"Modern",31.2,1.31,0.294,0.725,4,NA,NA,NA,NA,NA
"147","shawbr01",8110,"RP",43,45,753,2,0,0,15,714.6,2144,676,311,78,278,637,0.221204188481675,3.9168765743073,0.208442408376963,0.0909685863874346,2.29136690647482,20,39,26,2,3056,152,351,20,14,77,2144,53,74,10,3,"0","No","No","No","No",0,"Modern",2.5,1.33,0.294,0.722,4.05,NA,NA,NA,NA,NA
"148","sippto01",8280,"RP",26,22,616,0,0,0,7,503.7,1511,405,208,74,221,531,0.191943127962085,3.71649791542585,0.251658767772512,0.104739336492891,2.4027149321267,16,26,11,2,2110,124,222,17,15,26,1511,31,63,4,3,"0","No","No","No","No",0,"Modern",1.5,1.24,0.26,0.778,4.29,NA,NA,NA,NA,NA
"149","smithjo05",3281,"RP",55,34,866,0,0,0,30,762.3,2287,653,266,66,254,666,0.207301587301587,3.1404958677686,0.211428571428571,0.0806349206349206,2.62204724409449,31,19,40,4,3150,176,289,23,12,73,2287,29,162,6,12,"0","No","No","No","No",0,"Modern",6.7,1.19,0.276,0.77,3.66,NA,NA,NA,NA,NA
"150","smylydr01",11760,"RP",53,47,239,156,1,1,3,943.6,2831,903,430,154,292,922,0.227570564516129,4.10131411615091,0.232358870967742,0.0735887096774194,3.15753424657534,9,44,16,1,3968,12,462,16,26,55,2831,32,114,7,5,"0","No","No","No","No",0,"Modern",10.9,1.27,0.29,0.753,4.29,NA,NA,NA,NA,NA
"151","stammcr01",7274,"RP",55,44,562,43,1,0,6,885,2655,858,360,95,236,743,0.231891891891892,3.66101694915254,0.200810810810811,0.0637837837837838,3.14830508474576,24,28,25,2,3700,96,396,32,25,83,2655,44,111,10,12,"0","No","No","No","No",0,"Modern",8.1,1.24,0.293,0.733,3.73,NA,NA,NA,NA,NA
"152","stroppe01",4070,"RP",29,30,561,0,0,0,32,505.6,1517,360,180,34,232,554,0.170535291331123,3.20411392405063,0.262434864992894,0.109900521080057,2.38793103448276,19,54,37,6,2111,141,194,15,12,52,1517,42,50,6,4,"0","No","No","No","No",0,"Modern",6.4,1.17,0.26,0.748,3.41,NA,NA,NA,NA,NA
"153","swarzan01",7466,"RP",26,37,388,32,0,0,10,653.4,1960,686,321,87,202,494,0.246673858324344,4.42148760330579,0.177633944624236,0.0726357425386552,2.44554455445545,23,14,14,4,2781,71,344,10,22,62,1960,29,50,1,3,"0","No","No","No","No",0,"Modern",2.6,1.36,0.302,0.715,4.32,NA,NA,NA,NA,NA
"154","tomlijo01",9388,"RP",69,56,286,150,5,1,2,1066.9,3201,1160,566,197,153,736,0.260498540309903,4.77458056050239,0.16528183247249,0.0343588591960476,4.81045751633987,16,28,25,1,4453,55,602,16,25,78,3201,90,115,8,12,"0","No","No","No","No",0,"Modern",6.7,1.23,0.288,0.693,4.65,NA,NA,NA,NA,NA
"155","torreca01",7624,"RP",30,31,362,16,0,0,5,506.7,1520,492,230,63,192,447,0.22746185852982,4.08525754884547,0.206657420249653,0.0887656033287101,2.328125,19,27,21,2,2163,95,240,21,19,43,1520,33,70,5,5,"0","No","No","No","No",0,"Modern",1.3,1.35,0.298,0.754,4.23,NA,NA,NA,NA,NA
"156","volstch01",9901,"SP",37,58,170,126,3,2,0,772.2,2317,858,429,102,265,481,0.25414691943128,5,0.142476303317536,0.0784952606635071,1.81509433962264,23,21,26,3,3376,8,457,40,33,72,2317,38,115,4,8,"0","No","No","No","No",0,"Modern",3.1,1.45,0.302,0.688,4.69,NA,NA,NA,NA,NA
"157","zieglbr01",7293,"RP",37,38,739,0,0,0,105,717.5,2152,654,219,32,248,479,0.221920597217509,2.74703832752613,0.162538174414659,0.0841533763148965,1.93145161290323,55,7,25,1,2947,264,251,19,20,138,2152,45,165,13,15,"0","No","No","No","No",0,"Modern",6,1.26,0.288,0.766,3.5,NA,NA,NA,NA,NA
