"","playerID","fg_playerID","POS","inducted","play_era","GIDP","GS","InnOuts","PO","A","E","DP","PB","WP","SB_against","CS_for","ZR","Triple Crown","500_hr","3000_hit","1500_runs","1500_rbi","2500_G","ped_use","Name","G","AB","PA","H","1B","2B","3B","HR","R","RBI","BB","IBB","SO","HBP","SF","SH","GDP","SB","CS","AVG","BB%","K%","BB/K","OBP","SLG","OPS","ISO","BABIP","wOBA","WAR","wRC+","Spd","Def","AVG+","BB%+","K%+","OBP+","SLG+","ISO+","BABIP+","all_star_appearances","num_gold_gloves","num_mvp","num_ws_mvp","silver_slugger","hank_aaron_award"
"1","cabremi01",1744,"LF",0,"Modern",353,2221,57141,10448,1884,153,1113,0,0,0,0,0,1,"Yes","Yes","Yes","Yes","Yes","No","Miguel Cabrera",2699,10022,11426,3088,1957,607,17,507,1530,1847,1227,238,2031,72,100,5,353,40,21,0.308,0.107,0.178,0.6,0.384,0.524,0.908,0.216,0.34,0.384,68.6,140,2.5,-189.3,118,128,95,117,125,136,114,12,0,2,0,7,2
"2","pujolal01",1177,"LF",0,"Modern",426,2326,60725,17617,1844,147,1729,0,0,0,0,0,0,"Yes","Yes","Yes","Yes","Yes","No","Albert Pujols",3080,11421,13041,3384,1979,686,16,703,1914,2218,1373,316,1404,123,123,1,426,117,43,0.296,0.105,0.108,0.98,0.374,0.544,0.918,0.248,0.284,0.385,88.8,141,3.2,-164.7,113,121,58,113,129,155,95,11,2,3,0,6,2
"3","molinya01",7007,"C",0,"Modern",287,2119,55220,15232,1074,86,148,96,0,558,383,0,0,"No","No","No","No","No","No","Yadier Molina",2226,7817,8554,2168,1577,408,7,176,777,1022,542,50,922,76,75,43,287,71,37,0.277,0.063,0.108,0.59,0.327,0.399,0.726,0.122,0.293,0.316,55.6,97,2.7,393.3,106,73,55,99,95,77,97,10,9,0,0,1,0
"4","suzukic01",1101,"RF",0,"Modern",92,2248,60118,5022,123,38,28,0,0,0,0,0,0,"No","Yes","No","No","Yes","No","Ichiro Suzuki",2653,9934,10734,3089,2514,362,96,117,1420,780,647,181,1080,55,48,50,92,509,117,0.311,0.06,0.101,0.6,0.355,0.402,0.757,0.091,0.338,0.328,57.7,104,6.5,58.6,117,72,57,107,95,58,113,10,10,1,0,3,0
"5","beltrca01",589,"CF",0,"Modern",203,2191,56943,5158,143,75,37,0,0,0,0,0,0,"No","No","Yes","Yes","Yes","No","Carlos Beltran",2586,9768,11031,2725,1647,565,78,435,1582,1587,1084,104,1795,51,110,18,203,312,49,0.279,0.098,0.163,0.6,0.35,0.486,0.837,0.207,0.299,0.358,67.8,118,5.8,4.1,105,114,93,105,115,130,100,9,3,0,0,2,0
"6","troutmi01",10155,"CF",0,"Modern",64,1319,34579,3191,40,21,10,0,0,0,0,0,0,"No","No","No","No","No","No","Mike Trout",1407,5094,6159,1543,846,296,51,350,1052,896,919,117,1354,92,53,0,64,204,37,0.303,0.149,0.22,0.68,0.415,0.587,1.002,0.284,0.347,0.419,82.1,172,6.3,-0.5,120,183,106,130,142,178,117,9,0,3,0,8,2
"7","canoro01",3269,"2B",0,"Modern",286,2154,56750,4155,5881,126,1428,0,0,0,0,0,0,"No","No","No","No","No","Yes","Robinson Cano",2267,8773,9550,2639,1699,572,33,335,1262,1306,620,112,1214,85,62,10,286,51,38,0.301,0.065,0.127,0.51,0.351,0.488,0.839,0.187,0.316,0.358,58.1,124,3.3,5.7,115,79,67,107,117,119,106,8,2,0,0,5,0
"8","altuvjo01",5417,"2B",0,"Modern",171,1517,39683,2241,3786,94,858,0,0,0,0,0,0,"No","No","No","No","No","No","Jose Altuve",1578,6305,6950,1935,1335,379,29,192,986,696,509,43,840,64,46,26,171,279,81,0.307,0.073,0.121,0.61,0.362,0.468,0.83,0.161,0.328,0.357,48.6,129,5.5,-0.5,121,89,57,113,113,99,110,7,1,1,0,5,1
"9","cruzne02",2434,"RF",0,"Modern",177,938,24681,1969,51,34,11,0,0,0,0,0,0,"No","No","No","No","No","Yes","Nelson Cruz",2006,7358,8244,2018,1178,367,14,459,1081,1302,732,77,1870,84,59,2,177,83,32,0.274,0.089,0.227,0.39,0.344,0.515,0.859,0.241,0.306,0.365,40.9,129,3.4,-134.7,107,107,114,107,124,151,103,7,0,0,0,4,0
"10","goldspa01",9218,"1B",0,"Modern",134,1546,40836,13200,1053,47,1247,0,0,0,0,0,0,"No","No","No","No","No","No","Paul Goldschmidt",1620,5927,6951,1750,1031,382,22,315,1045,1042,916,108,1545,44,50,0,134,147,33,0.295,0.132,0.222,0.59,0.391,0.527,0.917,0.231,0.349,0.388,53.8,144,4.6,-101,116,155,107,120,127,145,116,7,4,0,0,4,1
"11","hollima01",1873,"LF",0,"Modern",220,1715,44074,2956,84,52,22,0,0,0,0,0,0,"No","No","No","No","No","No","Matt Holliday",1903,7009,7981,2096,1280,468,32,316,1157,1220,802,57,1362,124,45,1,220,108,37,0.299,0.1,0.171,0.59,0.379,0.51,0.889,0.211,0.331,0.383,49.3,135,4.5,-104.7,113,118,94,114,121,135,110,7,0,0,0,4,0
"12","mccanbr01",4810,"C",0,"Modern",180,1549,40876,12165,738,96,91,84,0,897,297,0,0,"No","No","No","No","No","No","Brian McCann",1755,6067,6850,1590,1009,294,5,282,742,1018,640,71,1054,75,59,9,180,25,9,0.262,0.093,0.154,0.61,0.337,0.452,0.789,0.19,0.273,0.34,54.5,110,2.2,288.5,100,110,82,102,108,121,91,7,0,0,0,6,0
"13","perezsa02",7304,"C",0,"Modern",154,1087,28130,8081,597,42,66,31,0,382,236,0,0,"No","No","No","No","No","No","Salvador Perez",1254,4752,5031,1274,804,236,11,223,539,732,180,23,914,60,38,0,154,6,1,0.268,0.036,0.182,0.2,0.301,0.463,0.764,0.195,0.288,0.325,15.6,103,2.2,-4.1,106,44,86,94,113,122,97,7,5,0,1,4,0
"14","poseybu01",9166,"C",0,"Modern",163,1264,32955,9919,654,53,187,27,0,521,256,0,0,"No","No","No","No","No","No","Buster Posey",1371,4970,5607,1500,1040,293,9,158,663,729,540,67,721,43,53,1,163,23,9,0.302,0.096,0.129,0.75,0.372,0.46,0.831,0.158,0.324,0.358,57.6,129,2.4,216.8,117,113,64,114,111,101,107,7,1,1,0,5,1
"15","wrighda03",3787,"3B",0,"Modern",152,1571,41797,1088,2948,190,237,0,0,0,0,0,0,"No","No","No","No","No","No","David Wright",1585,5998,6872,1777,1119,390,26,242,949,970,762,73,1292,45,65,0,152,196,65,0.296,0.111,0.188,0.59,0.376,0.491,0.867,0.195,0.339,0.373,51.2,133,5,-8.6,112,128,105,113,117,125,112,7,2,0,0,2,0
"16","bautijo02",1887,"RF",0,"Modern",170,1525,40666,2577,923,85,104,0,0,0,0,0,0,"No","No","No","No","No","No","Jose Bautista",1798,6051,7244,1496,823,312,17,344,1022,975,1032,58,1394,80,58,23,170,70,32,0.247,0.142,0.192,0.74,0.361,0.475,0.836,0.228,0.264,0.362,35.3,126,3.8,-104.2,95,172,103,111,114,147,88,6,0,0,0,3,2
"17","freemfr01",5361,"1B",0,"Modern",132,1677,44445,13585,1000,69,1248,0,0,0,0,0,0,"No","No","No","No","No","No","Freddie Freeman",1724,6379,7368,1903,1170,414,27,292,1086,1041,860,114,1414,81,48,0,133,66,27,0.298,0.117,0.192,0.61,0.386,0.509,0.895,0.211,0.341,0.381,50.4,140,4,-106.3,117,137,94,119,123,132,114,6,1,1,0,3,1
"18","harpebr03",11579,"RF",0,"Modern",106,1244,32379,2269,78,38,11,0,0,0,0,0,0,"No","No","No","No","No","No","Bryce Harper",1382,4927,5908,1379,773,298,23,285,913,817,879,112,1276,39,51,12,106,122,43,0.28,0.149,0.216,0.69,0.39,0.523,0.913,0.243,0.32,0.385,44.2,142,4.7,-62,109,173,103,119,125,150,106,6,0,2,0,2,2
"19","machama01",11493,"3B",0,"Modern",163,1412,37058,1190,2869,128,375,0,0,0,0,0,0,"No","No","No","No","No","No","Manny Machado",1445,5673,6273,1597,984,312,18,283,839,853,513,61,1069,24,49,14,163,85,34,0.282,0.082,0.17,0.48,0.341,0.493,0.833,0.211,0.301,0.353,46.7,124,4.1,73.5,111,97,81,106,118,129,101,6,2,0,0,1,0
"20","mauerjo01",1857,"C",0,"Modern",208,1469,39086,10707,699,49,520,40,0,364,181,0,0,"No","No","No","No","No","No","Joe Mauer",1858,6930,7960,2123,1522,428,30,143,1018,923,939,145,1034,25,60,6,208,52,19,0.306,0.118,0.13,0.91,0.388,0.439,0.827,0.132,0.341,0.358,53,123,3.4,37.8,117,144,69,119,105,84,114,6,3,1,0,5,0
"21","utleych01",1679,"2B",0,"Modern",93,1723,45785,3728,4573,149,1019,0,0,0,0,0,0,"No","No","No","No","No","No","Chase Utley",1937,6857,7863,1885,1157,411,58,259,1103,1025,724,62,1193,204,72,6,93,154,22,0.275,0.092,0.152,0.61,0.358,0.465,0.823,0.19,0.297,0.356,61.6,118,5.8,104.2,104,106,84,107,110,121,98,6,0,0,0,4,0
"22","vottojo01",4314,"1B",0,"Modern",166,1913,50044,14440,1740,106,1398,0,0,0,0,0,0,"No","No","No","No","No","No","Joey Votto",1991,7044,8504,2093,1276,453,22,342,1145,1106,1338,147,1578,74,48,0,166,80,29,0.297,0.157,0.186,0.85,0.412,0.513,0.926,0.216,0.339,0.396,58.2,146,3.4,-143.6,115,183,94,125,123,137,112,6,1,1,0,0,1
"23","brantmi02",4106,"LF",0,"Modern",128,1235,32393,2299,64,16,14,0,0,0,0,0,0,"No","No","No","No","No","No","Michael Brantley",1430,5512,6092,1641,1143,346,25,127,751,713,483,37,656,37,46,13,128,125,33,0.298,0.079,0.108,0.74,0.356,0.439,0.794,0.141,0.317,0.344,28.6,118,4.6,-71.6,117,97,53,111,106,89,107,5,0,0,0,1,0
"24","braunry02",3410,"LF",0,"Modern",179,1634,42156,2797,247,58,33,0,0,0,0,0,0,"No","No","No","No","No","Yes","Ryan Braun",1766,6622,7340,1963,1154,408,49,352,1080,1154,586,56,1363,77,44,0,180,216,60,0.296,0.08,0.186,0.43,0.358,0.532,0.891,0.236,0.325,0.379,43.6,135,5.6,-135.2,113,93,97,108,127,150,108,5,0,1,0,4,0
"25","gonzaad01",1908,"1B",0,"Modern",207,1802,47845,14983,1392,79,1382,0,0,0,0,0,0,"No","No","No","No","No","No","Adrian Gonzalez",1929,7139,8046,2050,1284,437,12,317,997,1202,782,158,1401,45,73,4,207,6,7,0.287,0.097,0.174,0.56,0.358,0.485,0.843,0.198,0.315,0.359,36.3,127,1.8,-106.2,109,113,95,108,116,128,105,5,4,0,0,2,0
"26","jonesad01",6368,"CF",0,"Modern",190,1729,45748,4272,102,64,26,0,0,0,0,0,0,"No","No","No","No","No","No","Adam Jones",1823,7009,7516,1939,1292,336,29,282,963,945,340,20,1395,103,55,8,190,97,35,0.277,0.045,0.186,0.24,0.317,0.454,0.771,0.177,0.308,0.332,28.8,105,4.3,-38.4,107,55,97,98,109,113,103,5,2,0,0,1,0
"27","martijd02",6184,"RF",0,"Modern",167,835,21684,1438,51,25,12,0,0,0,0,0,0,"No","No","No","No","No","No","J.D. Martinez",1409,5286,5891,1522,880,339,21,282,790,899,518,53,1424,32,50,0,167,25,11,0.288,0.088,0.242,0.36,0.352,0.52,0.872,0.232,0.342,0.368,26.5,131,3.4,-117.8,114,107,115,110,125,143,115,5,0,0,0,3,1
"28","martivi01",393,"C",0,"Modern",264,1024,26747,6888,448,53,198,37,0,596,183,0,0,"No","No","No","No","No","No","Victor Martinez",1973,7297,8166,2153,1481,423,3,246,914,1178,730,119,891,53,86,0,264,7,7,0.295,0.089,0.109,0.82,0.36,0.455,0.815,0.16,0.305,0.351,26.6,117,1.4,-85.4,113,109,61,110,109,103,102,5,0,0,0,2,0
"29","mccutan01",9847,"CF",0,"Modern",118,1749,45857,3656,79,44,17,0,0,0,0,0,0,"No","No","No","No","No","No","Andrew McCutchen",1895,7035,8168,1948,1220,392,49,287,1118,1002,983,67,1542,81,66,3,118,205,84,0.277,0.12,0.189,0.64,0.369,0.469,0.838,0.192,0.315,0.362,50.9,129,5.1,-64.5,108,141,93,113,113,123,105,5,1,1,0,4,0
"30","stantmi03",4949,"RF",0,"Modern",125,1087,28546,2226,68,46,9,0,0,0,0,0,0,"No","No","No","No","No","No","Giancarlo Stanton",1434,5237,6022,1383,722,272,11,378,815,971,697,83,1696,49,36,0,125,42,15,0.264,0.116,0.282,0.41,0.354,0.537,0.89,0.273,0.314,0.376,42.8,140,3,-52.8,103,139,138,109,130,175,105,5,0,1,0,2,2
"31","tulowtr01",3531,"SS",0,"Modern",146,1255,32835,1946,3889,91,871,0,0,0,0,0,0,"No","No","No","No","No","No","Troy Tulowitzki",1291,4804,5415,1391,878,264,24,225,762,780,511,48,900,47,43,10,146,57,32,0.29,0.094,0.166,0.57,0.361,0.495,0.856,0.205,0.313,0.368,37.6,119,4,92,111,111,90,109,119,134,104,5,2,0,0,2,0
"32","beltrad01",639,"3B",0,"Modern",279,2713,71565,2200,5187,311,523,0,0,0,0,0,0,"No","Yes","Yes","Yes","Yes","No","Adrian Beltre",2933,11068,12130,3166,2015,636,38,477,1524,1707,848,112,1732,97,103,14,279,121,42,0.286,0.07,0.143,0.49,0.339,0.48,0.819,0.194,0.3,0.35,83.8,115,3.8,215.4,109,82,82,102,114,122,100,4,5,0,0,4,0
"33","blackch02",7859,"CF",0,"Modern",63,1197,31493,2405,62,32,19,0,0,0,0,0,0,"No","No","No","No","No","No","Charlie Blackmon",1404,5357,5913,1590,1039,286,58,207,880,709,403,33,1001,93,34,26,63,138,56,0.297,0.068,0.169,0.4,0.354,0.488,0.842,0.191,0.331,0.359,19.1,111,6,-97.4,116,79,80,109,116,117,110,4,0,0,0,2,0
"34","castrst01",4579,"SS",0,"Modern",177,1528,40409,2249,3936,207,774,0,0,0,0,0,0,"No","No","No","No","No","No","Starlin Castro",1573,6148,6579,1722,1225,319,40,138,698,678,338,32,1108,38,47,7,177,89,52,0.28,0.051,0.168,0.31,0.319,0.412,0.732,0.132,0.32,0.316,22,97,4.3,57.7,109,61,83,98,99,84,106,4,0,0,0,0,0
"35","kinslia01",6195,"2B",0,"Modern",161,1804,47568,3397,5219,168,1291,0,0,0,0,0,0,"No","No","No","No","No","No","Ian Kinsler",1888,7423,8299,1999,1285,416,41,257,1243,909,693,11,1046,92,59,32,161,243,74,0.269,0.084,0.126,0.66,0.337,0.44,0.777,0.171,0.282,0.338,47.4,107,5.8,62.3,104,101,67,103,106,109,95,4,2,0,0,0,0
"36","martiru01",4616,"C",0,"Modern",190,1545,41393,11639,1029,95,85,85,0,840,365,0,0,"No","No","No","No","No","No","Russell Martin",1693,5701,6648,1416,961,255,9,191,803,771,792,46,1211,107,36,12,190,101,51,0.248,0.119,0.182,0.65,0.349,0.397,0.746,0.148,0.283,0.33,54.9,104,3.5,305.2,95,141,96,106,95,94,94,4,1,0,0,1,0
"37","pedrodu01",8370,"2B",0,"Modern",154,1476,38761,2581,4017,58,944,0,0,0,0,0,0,"No","No","No","No","No","No","Dustin Pedroia",1512,6031,6777,1805,1256,394,15,140,922,725,624,25,654,38,59,25,154,138,46,0.299,0.092,0.097,0.95,0.365,0.439,0.805,0.14,0.314,0.352,44.5,115,4.4,86.7,115,112,51,112,106,91,105,4,4,1,0,1,0
"38","pencehu01",8252,"RF",0,"Modern",151,1557,41364,3263,96,48,14,0,0,0,0,0,0,"No","No","No","No","No","No","Hunter Pence",1707,6420,7006,1791,1168,324,55,244,891,942,520,19,1335,26,39,1,152,120,55,0.279,0.074,0.191,0.39,0.334,0.461,0.794,0.182,0.317,0.343,29.8,115,5,-70.2,107,87,100,101,111,117,105,4,0,0,0,0,0
"39","reyesjo01",1736,"SS",0,"Modern",82,1778,47133,2271,4726,201,966,0,0,0,0,0,0,"No","No","No","No","No","No","Jose Reyes",1877,7552,8240,2138,1475,387,131,145,1180,719,589,56,914,11,38,50,82,517,127,0.283,0.071,0.111,0.64,0.334,0.427,0.761,0.144,0.305,0.33,43.9,103,7.9,61.9,107,83,61,101,101,91,101,4,0,0,0,1,0
"40","uptonju01",5222,"LF",0,"Modern",142,1767,45729,3375,64,89,9,0,0,0,0,0,0,"No","No","No","No","No","No","Justin Upton",1845,6721,7649,1754,1041,350,38,325,1058,1003,785,49,1971,78,59,3,142,151,59,0.261,0.103,0.258,0.4,0.342,0.469,0.812,0.208,0.319,0.35,34.6,117,5.1,-100.8,101,122,130,105,113,133,106,4,0,0,0,3,0
"41","wietema01",4298,"C",0,"Modern",102,1021,27216,7723,429,58,77,30,0,441,211,0,0,"No","No","No","No","No","No","Matt Wieters",1167,3994,4428,996,655,190,5,146,440,550,368,29,847,21,41,4,102,9,4,0.249,0.083,0.191,0.43,0.313,0.409,0.722,0.16,0.279,0.313,17.4,92,1.9,90.5,97,100,99,96,98,101,94,4,2,0,0,0,0
"42","bruceja01",9892,"RF",0,"Modern",101,1524,40529,3404,131,58,57,0,0,0,0,0,0,"No","No","No","No","No","No","Jay Bruce",1650,5964,6642,1455,792,312,32,319,839,951,600,71,1572,28,46,3,101,65,40,0.244,0.09,0.237,0.38,0.314,0.467,0.781,0.224,0.276,0.332,20.3,106,3.9,-60.2,94,106,122,96,112,143,91,3,0,0,0,2,0
"43","carpema01",8090,"3B",0,"Modern",38,1138,29553,2985,1888,108,515,0,0,0,0,0,0,"No","No","No","No","No","No","Matt Carpenter",1376,4531,5379,1192,684,310,28,170,780,613,718,40,1107,70,47,12,38,27,17,0.263,0.133,0.206,0.65,0.369,0.456,0.825,0.193,0.31,0.357,32.9,127,4,-33.5,102,157,99,113,110,122,103,3,0,0,0,1,0
"44","crawfbr01",5343,"SS",0,"Modern",116,1443,38616,2042,4143,161,872,0,0,0,0,0,0,"No","No","No","No","No","No","Brandon Crawford",1561,5292,5918,1337,876,279,43,139,638,706,508,74,1187,54,58,6,116,44,34,0.253,0.086,0.201,0.43,0.321,0.4,0.722,0.148,0.298,0.31,30.6,97,4.1,128.1,99,101,97,99,96,92,99,3,4,0,0,1,0
"45","donaljo02",5038,"3B",0,"Modern",129,1177,30995,1002,2273,143,239,0,0,8,4,0,0,"No","No","No","No","No","No","Josh Donaldson",1333,4857,5667,1285,725,282,12,266,798,790,703,22,1171,58,44,5,129,40,10,0.265,0.124,0.207,0.6,0.361,0.492,0.853,0.227,0.294,0.366,46.2,134,3.4,37.9,104,151,99,113,119,141,99,3,0,1,0,2,1
"46","encared01",2151,"3B",0,"Modern",185,1143,29867,4415,1355,144,460,0,0,0,0,0,0,"No","No","No","No","No","No","Edwin Encarnacion",1960,7040,8126,1832,1028,370,10,424,1099,1261,903,54,1426,105,66,0,185,61,14,0.26,0.111,0.175,0.63,0.35,0.496,0.846,0.236,0.268,0.362,33.2,125,3.1,-175.9,100,134,91,107,118,148,90,3,0,0,0,0,0
"47","gonzaca01",7287,"RF",0,"Modern",93,1257,32851,2304,77,30,8,0,0,0,0,0,0,"No","No","No","No","No","No","Carlos Gonzalez",1377,5033,5551,1432,856,302,40,234,821,785,448,55,1240,22,41,7,93,122,33,0.285,0.081,0.223,0.36,0.343,0.5,0.843,0.215,0.333,0.359,25.2,111,5.7,-24.5,109,95,115,104,121,140,110,3,2,0,0,2,0
"48","gordoal01",5209,"LF",0,"Modern",110,1703,45071,3147,695,64,84,0,0,0,0,0,0,"No","No","No","No","No","No","Alex Gordon",1753,6391,7250,1643,1070,357,26,190,867,749,684,48,1535,121,43,8,110,113,45,0.257,0.094,0.212,0.45,0.338,0.41,0.748,0.153,0.309,0.328,32,102,4.3,24.2,100,115,109,104,99,98,104,3,7,0,0,0,0
"49","grandcu01",4747,"CF",0,"Modern",64,1766,47561,4183,80,31,14,0,0,0,0,0,0,"No","No","No","No","No","No","Curtis Granderson",2057,7236,8306,1800,1015,346,95,344,1217,937,924,31,1916,67,49,30,64,153,50,0.249,0.111,0.231,0.48,0.337,0.465,0.803,0.217,0.29,0.347,47.2,115,6.3,-9,95,133,124,102,111,138,96,3,0,0,0,1,0
"50","kempma01",5631,"CF",0,"Modern",184,1547,40557,2990,91,51,27,0,0,0,0,0,0,"No","No","No","No","No","No","Matt Kemp",1750,6365,6983,1808,1146,338,37,287,950,1031,518,69,1641,26,72,1,184,184,63,0.284,0.074,0.235,0.32,0.337,0.484,0.821,0.2,0.337,0.35,25.4,120,5.4,-145.4,109,86,124,102,116,129,112,3,1,0,0,2,1
"51","lemahdj01",9874,"2B",0,"Modern",158,1324,34775,2772,3481,69,813,0,0,0,0,0,0,"No","No","No","No","No","No","DJ LeMahieu",1425,5306,5890,1576,1185,248,36,107,809,581,482,22,853,27,39,36,158,91,46,0.297,0.082,0.145,0.57,0.356,0.418,0.774,0.121,0.335,0.336,26.2,102,4.8,64.3,117,97,69,110,100,74,112,3,3,0,0,2,0
"52","longoev01",9368,"3B",0,"Modern",198,1750,46162,1280,3238,158,386,0,0,0,0,0,0,"No","No","No","No","No","No","Evan Longoria",1912,7095,7969,1883,1104,422,26,331,992,1131,707,87,1623,72,94,1,198,58,19,0.265,0.089,0.204,0.44,0.334,0.472,0.806,0.207,0.296,0.344,54.7,118,3.6,95.6,103,106,104,103,114,131,100,3,3,0,0,1,0
"53","moustmi01",4892,"3B",0,"Modern",115,1176,30998,1191,2118,118,242,0,0,0,0,0,0,"No","No","No","No","No","No","Mike Moustakas",1315,4708,5191,1165,697,259,6,203,552,635,376,25,873,57,42,8,115,21,10,0.247,0.072,0.168,0.43,0.308,0.434,0.743,0.187,0.262,0.318,15.4,97,2.4,14.3,97,87,82,96,104,114,88,3,0,0,0,0,0
"54","murphda08",4316,"2B",0,"Modern",124,1269,33484,4310,2467,125,769,0,0,0,0,0,0,"No","No","No","No","No","No","Daniel Murphy",1452,5308,5755,1572,1034,371,29,138,710,735,364,56,709,25,48,7,124,68,25,0.296,0.063,0.123,0.51,0.341,0.455,0.796,0.159,0.318,0.34,21.1,113,4.3,-69.2,114,74,62,104,109,100,105,3,0,0,0,2,0
"55","peraljh01",1738,"SS",0,"Modern",200,1712,45496,2307,4694,150,984,0,0,0,0,0,0,"No","No","No","No","No","No","Jhonny Peralta",1798,6599,7319,1761,1159,376,24,202,841,873,606,24,1450,38,63,13,200,17,27,0.267,0.083,0.198,0.42,0.329,0.423,0.752,0.156,0.311,0.328,28.7,103,2.6,60.3,101,100,112,100,101,102,104,3,0,0,0,0,0
"56","phillbr01",791,"2B",0,"Modern",224,1837,48490,3557,4971,110,1119,0,0,0,0,0,0,"No","No","No","No","No","No","Brandon Phillips",1902,7378,7992,2029,1415,368,35,211,1005,951,420,34,1092,92,62,39,224,209,84,0.275,0.053,0.137,0.38,0.32,0.42,0.74,0.145,0.296,0.321,28.9,95,5.2,79.4,105,61,75,96,100,93,98,3,4,0,0,1,0
"57","ramirha01",8001,"SS",0,"Modern",137,1435,37059,3082,2883,164,774,0,0,0,0,0,0,"No","No","No","No","No","No","Hanley Ramirez",1668,6349,7127,1834,1156,375,32,271,1049,917,660,65,1234,71,36,11,137,281,93,0.289,0.093,0.173,0.53,0.36,0.486,0.847,0.197,0.32,0.364,41.7,125,5.6,-53.5,110,108,93,109,116,125,106,3,0,0,0,2,0
"58","rizzoan01",3473,"1B",0,"Modern",132,1486,39336,11870,1247,62,1091,0,0,0,0,0,0,"No","No","No","No","No","No","Anthony Rizzo",1536,5578,6540,1476,859,312,22,283,839,889,719,74,1046,201,42,0,132,72,41,0.265,0.11,0.16,0.69,0.366,0.481,0.847,0.216,0.278,0.363,35.2,129,3.7,-71.3,103,130,78,113,116,136,92,3,4,0,0,1,0
"59","zobribe01",7435,"RF",0,"Modern",124,1503,40075,2740,2638,85,606,0,0,0,0,0,0,"No","No","No","No","No","No","Ben Zobrist",1651,5880,6836,1566,1006,349,44,167,884,768,832,35,994,31,67,26,124,116,49,0.266,0.122,0.145,0.84,0.357,0.426,0.783,0.16,0.292,0.342,42.6,116,4.8,40.1,103,146,77,109,103,102,98,3,0,0,1,0,0
"60","andruel01",8709,"SS",0,"Modern",186,1885,49818,2862,5190,219,1190,0,0,0,0,0,0,"No","No","No","No","No","No","Elvis Andrus",1947,7398,8197,1997,1491,360,50,96,1019,731,586,7,1135,53,56,103,186,335,111,0.27,0.071,0.138,0.52,0.326,0.371,0.697,0.101,0.305,0.307,35,86,6.1,131.1,106,87,69,101,90,63,103,2,0,0,0,0,0
"61","cabreas01",4962,"SS",0,"Modern",177,1662,43622,2538,4162,145,991,0,0,0,0,0,0,"No","No","No","No","No","No","Asdrubal Cabrera",1822,6632,7401,1763,1139,401,28,195,886,869,589,26,1330,68,61,51,177,91,32,0.266,0.08,0.18,0.44,0.329,0.423,0.752,0.157,0.303,0.327,28.6,104,4.1,10.7,103,94,91,101,101,99,102,2,0,0,0,1,0
"62","cainlo01",9077,"CF",0,"Modern",109,1099,28865,2819,55,42,14,0,0,0,0,0,0,"No","No","No","No","No","No","Lorenzo Cain",1171,4314,4758,1220,884,225,24,87,626,454,362,14,854,49,32,0,109,190,44,0.283,0.076,0.179,0.42,0.343,0.407,0.749,0.124,0.333,0.327,30.5,103,5.9,88.5,111,90,87,106,97,76,112,2,1,0,0,0,0
"63","desmoia01",6885,"CF",0,"Modern",132,1389,37062,3292,2568,176,653,0,0,0,0,0,0,"No","No","No","No","No","No","Ian Desmond",1478,5442,5944,1432,937,277,37,181,724,711,387,13,1402,43,39,33,132,181,56,0.263,0.065,0.236,0.28,0.315,0.427,0.742,0.164,0.321,0.321,17.8,96,5.6,-5.5,102,78,119,97,103,106,106,2,0,0,0,3,0
"64","ethiean01",6265,"RF",0,"Modern",104,1217,32621,2217,67,32,11,0,0,0,0,0,0,"No","No","No","No","No","No","Andre Ethier",1455,4800,5425,1367,868,303,34,162,641,687,519,68,938,58,44,2,104,29,28,0.285,0.096,0.173,0.55,0.359,0.463,0.822,0.179,0.322,0.355,24.2,122,3.4,-78.3,108,112,95,108,111,116,106,2,1,0,0,1,0
"65","frazito01",785,"3B",0,"Modern",95,1140,30341,1554,1949,105,270,0,0,0,0,0,0,"No","No","No","No","No","No","Todd Frazier",1244,4392,4949,1059,614,212,15,218,604,640,438,12,1085,77,38,4,95,73,38,0.241,0.089,0.219,0.4,0.318,0.445,0.763,0.204,0.269,0.33,24.6,107,4.1,35.1,94,107,107,98,107,130,89,2,0,0,0,0,0
"66","gomezca01",4881,"CF",0,"Modern",75,1206,32607,3141,74,53,21,0,0,0,0,0,0,"No","No","No","No","No","No","Carlos Gomez",1461,4724,5227,1189,767,236,41,145,675,546,319,9,1259,112,27,45,76,268,74,0.252,0.061,0.241,0.25,0.313,0.411,0.724,0.159,0.312,0.317,25.9,95,7,73.6,97,74,125,96,100,104,104,2,1,0,0,0,0
"67","gordode01",8203,"2B",0,"Modern",46,928,24658,1761,2306,102,558,0,0,0,0,0,0,"No","No","No","No","No","Yes","Dee Strange-Gordon",1025,3906,4162,1118,920,125,55,18,538,236,168,6,618,32,26,29,46,336,102,0.286,0.04,0.148,0.27,0.319,0.36,0.679,0.074,0.334,0.297,10.9,88,7.9,-16.1,111,49,72,98,87,47,111,2,1,0,0,1,0
"68","grandya01",11368,"C",0,"Modern",108,938,25081,8344,428,61,95,91,0,453,182,0,0,"No","No","No","No","No","Yes","Yasmani Grandal",1117,3560,4237,843,500,159,7,177,476,532,619,10,992,22,33,3,108,12,7,0.237,0.146,0.234,0.62,0.35,0.435,0.785,0.198,0.275,0.341,37.4,117,2.2,187.1,93,172,111,108,104,120,91,2,0,0,0,0,0
"69","hardyjj01",3797,"SS",0,"Modern",156,1510,40159,2089,4340,110,953,0,0,0,0,0,0,"No","No","No","No","No","No","J.J. Hardy",1561,5805,6309,1488,995,291,14,188,718,688,411,24,960,15,38,40,156,8,9,0.256,0.065,0.152,0.43,0.305,0.408,0.714,0.152,0.277,0.311,27.6,89,2.4,163.7,98,77,83,93,98,98,93,2,3,0,0,1,0
"70","harrijo05",8202,"2B",0,"Modern",66,951,25146,1417,2104,85,426,0,0,0,0,0,0,"No","No","No","No","No","No","Josh Harrison",1168,3894,4233,1059,741,215,32,71,492,378,184,5,642,92,33,29,66,91,37,0.272,0.043,0.152,0.29,0.318,0.398,0.716,0.126,0.307,0.312,14.6,96,5.4,14.6,107,51,73,98,96,80,102,2,0,0,0,0,0
"71","lucrojo01",7870,"C",0,"Modern",136,1073,28578,8322,596,67,82,51,0,670,257,0,0,"No","No","No","No","No","No","Jonathan Lucroy",1210,4140,4591,1134,785,217,24,108,483,548,369,20,662,34,40,8,136,30,9,0.274,0.08,0.144,0.56,0.335,0.416,0.752,0.142,0.301,0.327,37.1,102,3.6,221.8,106,97,72,103,101,93,100,2,0,0,0,0,0
"72","montemi01",3364,"C",0,"Modern",106,997,26643,7518,560,84,54,52,0,555,197,0,0,"No","No","No","No","No","No","Miguel Montero",1185,3801,4343,973,643,197,7,126,458,550,446,56,881,54,37,5,106,5,9,0.256,0.103,0.203,0.51,0.34,0.411,0.751,0.155,0.299,0.327,27.2,99,2,163.2,98,123,107,103,100,102,99,2,0,0,0,0,0
"73","ramoswi01",1433,"C",0,"Modern",138,890,23640,7256,465,45,34,59,0,409,150,0,0,"No","No","No","No","No","No","Wilson Ramos",990,3492,3786,946,657,151,2,136,362,534,245,26,638,11,29,4,138,1,3,0.271,0.065,0.169,0.38,0.318,0.432,0.75,0.161,0.295,0.322,15.3,102,1,64.3,105,77,82,98,104,102,98,2,0,0,0,1,0
"74","sandopa01",5409,"3B",0,"Modern",149,1127,29178,1554,1826,114,213,0,0,8,4,0,0,"No","No","No","No","No","No","Pablo Sandoval",1380,4609,5052,1279,843,262,21,153,548,639,357,55,757,31,51,4,149,12,13,0.278,0.071,0.15,0.47,0.33,0.443,0.773,0.166,0.3,0.332,18.3,110,2.5,-6.4,107,83,77,101,107,107,100,2,0,0,1,0,0
"75","segurje01",5933,"SS",0,"Modern",131,1300,33968,1748,3577,142,769,0,0,0,0,0,0,"No","No","No","No","No","No","Jean Segura",1328,5195,5611,1479,1095,232,45,107,712,492,301,24,777,63,24,27,131,205,71,0.285,0.054,0.138,0.39,0.33,0.408,0.739,0.124,0.316,0.32,25.3,99,5.9,57.9,112,63,66,102,98,76,106,2,0,0,0,0,0
"76","turneju01",5235,"3B",0,"Modern",117,1040,27567,960,2021,98,240,0,0,0,0,0,0,"No","No","No","No","No","No","Justin Turner",1393,4522,5146,1307,842,292,9,164,652,663,462,16,770,111,46,5,117,41,10,0.289,0.09,0.15,0.6,0.366,0.466,0.832,0.177,0.315,0.359,34.8,129,3.5,0,113,104,72,112,112,109,105,2,0,0,0,0,0
"77","vogtst01",5000,"C",0,"Modern",29,543,14447,4189,230,28,71,33,0,264,97,0,0,"No","No","No","No","No","No","Stephen Vogt",794,2348,2598,560,344,121,13,82,259,313,210,16,491,10,26,4,29,5,5,0.239,0.081,0.189,0.43,0.301,0.406,0.707,0.167,0.265,0.303,3.3,91,2.7,-24.3,93,99,90,93,97,103,89,2,0,0,0,0,0
"78","zimmery01",4220,"3B",0,"Modern",212,1648,43532,4693,2403,165,577,0,0,0,0,0,0,"No","No","No","No","No","No","Ryan Zimmerman",1799,6654,7402,1846,1123,417,22,284,963,1061,646,43,1384,31,69,1,212,43,16,0.277,0.087,0.187,0.47,0.341,0.475,0.816,0.197,0.309,0.35,39.3,116,3.5,10.1,106,101,99,103,113,125,102,2,1,0,0,2,0
"79","avilaal01",7476,"C",0,"Modern",83,893,23576,6866,421,40,83,56,0,495,213,0,0,"No","No","No","No","No","No","Alex Avila",1052,3060,3638,714,445,155,9,105,352,397,528,24,1068,19,20,11,83,8,8,0.233,0.145,0.294,0.49,0.348,0.393,0.74,0.159,0.319,0.328,14.7,104,2.2,33,91,176,148,108,95,102,108,1,0,0,0,1,0
"80","aybarer01",4082,"SS",0,"Modern",107,1340,35455,2047,3522,153,786,0,0,0,0,0,0,"No","No","No","No","No","No","Erick Aybar",1454,5175,5627,1402,1042,256,46,58,643,473,285,18,670,52,39,75,107,155,62,0.271,0.051,0.119,0.43,0.313,0.372,0.685,0.101,0.3,0.301,18.3,88,5.6,47.4,104,61,64,96,90,66,100,1,1,0,0,0,0
"81","beltbr01",10264,"1B",0,"Modern",59,1143,30870,9125,792,67,838,0,0,0,0,0,0,"No","No","No","No","No","No","Brandon Belt",1310,4390,5079,1146,668,267,36,175,628,584,617,35,1205,46,25,1,60,47,21,0.261,0.121,0.237,0.51,0.356,0.458,0.814,0.197,0.32,0.351,25.2,124,4.3,-63.5,102,141,115,109,110,123,106,1,0,0,0,0,0
"82","cabreme01",4022,"LF",0,"Modern",181,1687,44393,3232,123,38,21,0,0,0,0,0,0,"No","No","No","No","No","Yes","Melky Cabrera",1887,6878,7527,1962,1390,383,45,144,895,854,510,41,891,27,64,48,182,101,37,0.285,0.068,0.118,0.57,0.334,0.417,0.751,0.132,0.308,0.326,14.8,101,4.4,-103.8,110,82,63,102,100,84,103,1,0,0,0,0,0
"83","castrja01",8722,"C",0,"Modern",60,818,21685,6330,406,32,50,73,0,436,158,0,0,"No","No","No","No","No","No","Jason Castro",952,2981,3381,678,406,166,9,97,368,325,347,11,970,27,18,8,60,6,2,0.227,0.103,0.287,0.36,0.312,0.387,0.699,0.159,0.301,0.307,15.2,93,2.7,72,89,125,139,97,94,101,101,1,0,0,0,0,0
"84","choosh01",3174,"RF",0,"Modern",101,1285,33743,2632,80,51,12,0,0,0,0,0,0,"No","No","No","No","No","No","Shin-Soo Choo",1652,6087,7157,1671,1085,339,29,218,961,782,868,43,1579,152,40,10,102,157,55,0.275,0.121,0.221,0.55,0.377,0.447,0.824,0.173,0.336,0.36,34,123,4.8,-131.4,106,147,114,116,107,109,113,1,0,0,0,0,0
"85","davisch02",9272,"1B",0,"Modern",62,1244,33058,9394,688,72,1016,0,0,0,0,0,0,"No","No","No","No","No","Yes","Chris Davis",1417,4978,5630,1160,632,228,5,295,707,780,555,50,1852,58,38,1,62,19,11,0.233,0.099,0.329,0.3,0.315,0.459,0.774,0.226,0.301,0.332,11.8,105,2.5,-114.3,91,121,166,98,110,143,101,1,0,0,0,1,0
"86","ellsbja01",4727,"CF",0,"Modern",82,1154,30757,2784,33,15,13,0,0,0,0,0,0,"No","No","No","No","No","No","Jacoby Ellsbury",1235,4846,5375,1376,984,241,47,104,749,512,399,19,737,46,32,21,83,343,71,0.284,0.074,0.137,0.54,0.342,0.417,0.76,0.134,0.315,0.333,30.1,104,7.1,30.4,109,91,72,105,101,87,106,1,1,0,0,1,0
"87","escobal02",6310,"SS",0,"Modern",113,1519,40040,2174,4018,156,842,0,0,0,0,0,0,"No","No","No","No","No","No","Alcides Escobar",1554,5750,6182,1486,1134,249,58,45,670,478,253,17,864,57,35,87,113,178,45,0.258,0.041,0.14,0.29,0.295,0.345,0.64,0.087,0.296,0.281,13.7,72,6.2,91.7,101,50,70,91,84,55,100,1,1,0,0,0,0
"88","escobed01",6153,"3B",0,"Modern",57,1091,29282,1094,2178,85,385,0,0,0,0,0,0,"No","No","No","No","No","No","Eduardo Escobar",1264,4403,4812,1120,680,241,41,158,561,605,333,25,965,23,40,13,57,21,17,0.254,0.069,0.201,0.35,0.308,0.435,0.743,0.181,0.29,0.317,17.3,97,3.9,15.2,101,82,94,95,104,109,98,1,0,0,0,0,0
"89","fowlede01",4062,"CF",0,"Modern",58,1277,33856,2718,51,45,17,0,0,0,0,0,0,"No","No","No","No","No","No","Dexter Fowler",1460,5040,5902,1306,844,253,82,127,817,517,740,16,1326,51,28,43,59,149,68,0.259,0.125,0.225,0.56,0.358,0.417,0.775,0.158,0.326,0.341,19.4,107,6.6,-80.7,100,148,114,109,100,101,108,1,0,0,0,0,0
"90","freesda01",9549,"3B",0,"Modern",134,973,24630,1294,1615,98,260,0,0,1,0,0,0,"No","No","No","No","No","No","David Freese",1184,3758,4229,1041,724,197,7,113,481,535,370,11,974,73,24,4,135,8,11,0.277,0.087,0.23,0.38,0.351,0.423,0.775,0.146,0.344,0.34,18.9,115,2.3,5.3,107,104,116,108,102,94,114,1,0,0,1,0,0
"91","garciav01",5760,"RF",0,"Modern",100,861,22459,1610,58,34,12,0,0,0,0,0,0,"No","No","No","No","No","No","Avisail Garcia",1049,3791,4129,1006,705,150,16,135,484,510,255,21,986,57,26,0,100,49,32,0.265,0.062,0.239,0.26,0.319,0.42,0.739,0.155,0.323,0.318,10.1,100,4,-30.1,105,74,112,99,100,93,109,1,0,0,0,0,0
"92","gardnbr01",9927,"LF",0,"Modern",58,1470,39965,3117,79,25,16,0,0,0,0,0,0,"No","No","No","No","No","No","Brett Gardner",1688,5737,6614,1470,1007,251,73,139,943,578,699,6,1245,67,42,69,58,274,64,0.256,0.106,0.188,0.56,0.342,0.398,0.74,0.142,0.303,0.326,38.6,103,7.1,53.8,100,128,93,106,96,88,102,1,1,0,0,0,0
"93","gomesya01",9627,"C",0,"Modern",97,856,22821,7464,491,63,52,47,0,355,185,0,0,"No","No","No","No","No","No","Yan Gomes",968,3283,3567,807,504,170,8,125,392,447,193,15,841,53,35,3,97,7,0,0.246,0.054,0.236,0.23,0.295,0.417,0.712,0.171,0.29,0.306,16.8,90,2.7,96.6,97,65,113,92,101,107,98,1,0,0,0,1,0
"94","heywaja01",4940,"RF",0,"Modern",93,1461,38886,2991,73,33,21,0,0,0,0,0,0,"No","No","No","No","No","No","Jason Heyward",1579,5527,6265,1422,955,269,39,159,781,641,644,24,1101,55,25,6,94,118,40,0.257,0.103,0.176,0.58,0.339,0.406,0.746,0.149,0.294,0.327,33.3,104,5,56.6,100,121,87,104,98,95,98,1,4,0,0,0,0
"95","hillaa01",6104,"2B",0,"Modern",134,1397,37236,2252,4102,92,862,0,0,0,0,0,0,"No","No","No","No","No","No","Aaron Hill",1559,5646,6217,1501,992,325,22,162,736,695,443,21,847,55,51,19,134,74,35,0.266,0.071,0.136,0.52,0.323,0.417,0.74,0.151,0.286,0.323,20.9,96,4,20.5,101,86,75,98,100,99,95,1,0,0,0,2,0
"96","hosmeer01",3516,"1B",0,"Modern",162,1585,41809,12437,1042,83,1182,0,0,0,0,0,0,"No","No","No","No","No","No","Eric Hosmer",1658,6255,6877,1731,1196,319,20,196,805,879,556,53,1210,23,40,3,162,76,30,0.277,0.081,0.176,0.46,0.336,0.428,0.764,0.151,0.314,0.33,10.3,107,3.8,-165.3,109,97,85,104,103,94,106,1,4,0,0,1,0
"97","iglesjo01",10231,"SS",0,"Modern",87,1024,26664,1241,2619,74,580,0,0,0,0,0,0,"No","No","No","No","No","No","Jose Iglesias",1096,3770,4043,1051,770,220,14,47,438,366,173,6,502,58,18,24,87,59,35,0.279,0.043,0.124,0.34,0.319,0.382,0.701,0.103,0.31,0.305,14.4,87,4.1,78.1,111,52,58,100,91,62,105,1,0,0,0,0,0
"98","joycema01",3353,"RF",0,"Modern",76,854,22818,1628,34,29,8,0,0,0,0,0,0,"No","No","No","No","No","No","Matt Joyce",1400,3718,4355,898,528,206,15,149,537,503,559,28,935,32,43,3,76,35,23,0.242,0.128,0.215,0.6,0.342,0.425,0.767,0.184,0.28,0.334,16.4,112,3.4,-53.8,94,155,109,106,103,117,94,1,0,0,0,0,0
"99","kendrho01",4229,"LF",0,"Modern",193,1448,38552,3192,3323,91,784,0,0,0,0,0,0,"No","No","No","No","No","No","Howie Kendrick",1621,5950,6421,1747,1228,354,38,127,792,724,349,34,1102,61,37,24,193,126,47,0.294,0.054,0.172,0.32,0.337,0.43,0.767,0.136,0.34,0.333,31,109,5.1,24.1,113,65,91,103,103,87,114,1,0,0,0,0,0
"100","lowrije01",4418,"SS",0,"Modern",94,1060,28179,1389,2648,83,550,0,0,0,0,0,0,"No","No","No","No","No","No","Jed Lowrie",1307,4615,5196,1185,755,292,17,121,590,594,503,19,895,24,46,8,94,8,3,0.257,0.097,0.172,0.56,0.33,0.406,0.736,0.149,0.292,0.322,19.8,103,2.7,8.1,101,118,86,103,98,95,98,1,0,0,0,0,0
"101","markani01",5930,"RF",0,"Modern",214,2082,55355,4177,124,27,21,0,0,0,0,0,0,"No","No","No","No","No","No","Nick Markakis",2154,8302,9321,2388,1663,514,22,189,1119,1046,891,79,1230,51,73,4,214,66,32,0.288,0.096,0.132,0.72,0.357,0.423,0.781,0.136,0.316,0.34,28.7,108,3.2,-104.4,110,113,70,109,101,86,105,1,2,0,0,1,0
"102","martest01",9241,"LF",0,"Modern",98,1178,31291,2242,93,36,12,0,0,0,0,0,0,"No","No","No","No","No","Yes","Starling Marte",1252,4808,5267,1392,942,257,51,142,756,565,277,16,1049,146,20,16,98,314,93,0.29,0.053,0.199,0.26,0.346,0.453,0.798,0.163,0.344,0.345,34.3,119,7.3,1.8,114,62,96,106,109,102,115,1,1,0,0,0,0
"103","morelmi01",3086,"1B",0,"Modern",97,964,26174,7524,566,37,778,0,0,0,0,0,0,"No","No","No","No","No","No","Mitch Moreland",1260,4071,4536,1020,606,219,9,186,527,618,385,34,975,35,39,6,98,11,5,0.251,0.085,0.215,0.39,0.318,0.446,0.764,0.195,0.283,0.327,6.8,100,2.5,-69.5,98,103,105,99,107,120,96,1,1,0,0,0,0
"104","mossbr01",4467,"RF",0,"Modern",54,694,18888,3111,182,35,229,0,0,0,0,0,0,"No","No","No","No","No","No","Brandon Moss",1016,3133,3521,742,406,159,17,160,419,473,328,23,968,36,24,0,54,11,11,0.237,0.093,0.275,0.34,0.314,0.452,0.766,0.215,0.287,0.33,9,107,3.3,-52.1,92,113,141,97,109,139,96,1,0,0,0,0,0
"105","napolmi01",3057,"1B",0,"Modern",114,1135,30108,8588,647,91,511,0,0,328,106,0,0,"No","No","No","No","No","No","Mike Napoli",1392,4572,5330,1125,623,224,11,267,697,744,650,31,1468,69,36,2,114,39,24,0.246,0.122,0.275,0.44,0.346,0.475,0.821,0.229,0.299,0.355,21,119,3.3,-78.4,95,150,146,106,114,147,100,1,0,0,0,0,0
"106","nunezed02",6848,"3B",0,"Modern",64,651,17717,731,1305,88,210,0,0,0,0,0,0,"No","No","No","No","No","No","Eduardo Nunez",858,2813,3008,776,551,148,19,58,353,309,135,6,400,16,24,20,64,142,38,0.276,0.045,0.133,0.34,0.31,0.404,0.714,0.128,0.302,0.308,2.9,90,6.3,-41.8,108,55,65,96,97,79,101,1,0,0,0,0,0
"107","polloaj01",9256,"CF",0,"Modern",75,879,23672,1875,45,16,11,0,0,0,0,0,0,"No","No","No","No","No","No","A.J. Pollock",1033,3654,4008,1010,617,221,32,140,560,470,282,11,704,35,31,6,75,122,28,0.276,0.07,0.176,0.4,0.332,0.469,0.801,0.193,0.306,0.343,21,113,6.2,-6.1,109,83,83,102,113,120,102,1,1,0,0,0,0
"108","pradoma01",3312,"LF",0,"Modern",171,1279,34383,1902,2176,90,383,0,0,0,0,0,0,"No","No","No","No","No","No","Martin Prado",1458,5373,5861,1542,1099,316,27,100,664,609,385,16,676,28,51,24,171,40,28,0.287,0.066,0.115,0.57,0.335,0.412,0.747,0.125,0.31,0.326,20.2,103,3.6,10.8,110,78,60,102,100,82,103,1,0,0,0,0,0
"109","ruizca01",2579,"C",0,"Modern",106,991,26845,7668,589,53,67,48,0,612,230,0,0,"No","No","No","No","No","No","Carlos Ruiz",1137,3539,4069,935,634,223,7,71,405,415,403,62,499,78,22,27,106,25,10,0.264,0.099,0.123,0.81,0.35,0.391,0.742,0.127,0.289,0.326,15.5,100,2.9,33.5,101,116,66,106,94,83,96,1,0,0,0,0,0
"110","santaca01",2396,"1B",0,"Modern",159,1442,38199,10829,877,86,876,0,0,207,70,0,0,"No","No","No","No","No","No","Carlos Santana",1784,6329,7567,1533,905,334,16,278,917,925,1148,62,1246,34,56,0,159,48,18,0.242,0.152,0.165,0.92,0.359,0.432,0.791,0.19,0.258,0.344,23.3,117,3,-165.5,95,185,80,112,104,119,87,1,0,0,0,1,0
"111","seageky01",9785,"3B",0,"Modern",107,1437,38348,1001,3010,137,374,0,0,0,0,0,0,"No","No","No","No","No","No","Kyle Seager",1480,5561,6204,1395,830,309,14,242,705,807,533,35,1120,63,42,5,107,55,27,0.251,0.086,0.181,0.48,0.321,0.442,0.763,0.191,0.272,0.328,35.2,111,3.3,59.6,99,105,87,100,106,118,92,1,1,0,0,0,0
"112","smoakju01",9054,"1B",0,"Modern",110,1051,28352,8972,510,40,896,0,0,0,0,0,0,"No","No","No","No","No","No","Justin Smoak",1286,4153,4750,951,557,196,2,196,505,570,552,20,1122,25,20,0,110,3,3,0.229,0.116,0.236,0.49,0.322,0.419,0.74,0.19,0.264,0.322,5.8,103,1.3,-85.2,90,141,117,100,100,117,89,1,0,0,0,0,0
"113","sotoge01",3707,"C",0,"Modern",73,711,18780,5506,365,48,42,24,0,458,166,0,0,"No","No","No","No","No","No","Geovany Soto",797,2522,2876,619,361,146,4,108,308,361,311,17,673,17,19,7,73,3,5,0.245,0.108,0.234,0.46,0.33,0.435,0.765,0.19,0.29,0.334,16.4,102,1.9,81.9,94,125,127,100,105,123,97,1,0,0,0,0,0
"114","suzukku01",8259,"C",0,"Modern",148,1461,38912,10871,596,73,63,72,0,854,263,0,0,"No","No","No","No","No","No","Kurt Suzuki",1635,5563,6163,1421,977,295,6,143,594,730,387,22,751,119,67,27,148,20,11,0.255,0.063,0.122,0.52,0.314,0.388,0.702,0.132,0.27,0.307,8.7,89,2.3,-16.6,99,75,63,96,93,83,90,1,0,0,0,0,0
"115","weeksri01",1849,"2B",0,"Modern",77,1066,28091,2006,2649,145,646,0,0,0,0,0,0,"No","No","No","No","No","No","Rickie Weeks Jr.",1324,4417,5112,1087,674,219,33,161,733,474,533,13,1230,134,19,9,77,132,32,0.246,0.104,0.241,0.43,0.344,0.42,0.764,0.174,0.304,0.338,18,106,6.2,-45.3,93,121,133,103,101,113,101,1,0,0,0,0,0
"116","werthja01",1327,"RF",0,"Modern",99,1432,38122,2869,90,44,22,0,0,0,0,0,0,"No","No","No","No","No","No","Jayson Werth",1583,5484,6366,1465,914,300,22,229,883,799,764,32,1450,64,50,4,99,132,23,0.267,0.12,0.228,0.53,0.36,0.455,0.816,0.188,0.321,0.356,36,120,5.1,-40.7,102,140,125,109,109,122,106,1,0,0,0,0,0
"117","youngch04",3882,"CF",0,"Modern",60,1185,32039,2895,48,29,18,0,0,0,0,0,0,"No","No","No","No","No","No","Chris Young",1465,4710,5316,1109,606,288,24,191,668,590,520,16,1192,37,32,17,60,142,46,0.235,0.098,0.224,0.44,0.314,0.428,0.743,0.193,0.273,0.324,16.9,95,5.3,-5.8,90,115,122,95,103,124,91,1,0,0,0,0,0
"118","beckhgo01",9015,"2B",0,"Modern",89,912,24812,1558,2523,79,558,0,0,0,0,0,0,"No","No","No","No","No","No","Gordon Beckham",1069,3403,3782,807,533,187,7,80,420,351,266,6,670,54,30,29,89,35,20,0.237,0.07,0.177,0.4,0.3,0.367,0.667,0.13,0.271,0.295,5.3,80,3.7,17.4,92,85,93,93,89,84,91,0,0,0,0,0,0
"119","blancan01",1907,"2B",0,"Modern",33,277,8149,483,815,41,189,0,0,0,0,0,0,"No","No","No","No","No","No","Andres Blanco",536,1191,1321,305,205,73,9,18,137,109,79,5,202,18,7,26,33,5,13,0.256,0.06,0.153,0.39,0.31,0.378,0.688,0.122,0.293,0.302,0.9,82,3.6,1.1,97,71,80,94,90,78,97,0,0,0,0,0,0
"120","blancgr01",3123,"CF",0,"Modern",35,701,19953,1500,30,17,3,0,0,0,0,0,0,"No","No","No","No","No","No","Gregor Blanco",1060,2929,3349,746,563,118,39,26,394,235,363,21,661,15,15,26,35,122,40,0.255,0.108,0.197,0.55,0.338,0.348,0.687,0.094,0.319,0.307,9.3,93,6.4,-5.7,98,128,102,103,84,62,106,0,0,0,0,0,0
"121","bonifem01",4054,"CF",0,"Modern",23,616,16833,1069,939,63,202,0,0,0,0,0,0,"No","No","No","No","No","No","Emilio Bonifacio",834,2613,2897,669,528,95,33,13,356,165,215,4,605,7,19,43,23,166,49,0.256,0.074,0.209,0.36,0.312,0.333,0.645,0.077,0.326,0.289,4.3,76,7.4,-3,98,87,111,95,81,52,108,0,0,0,0,0,0
"122","buterdr01",3411,"C",0,"Modern",27,394,11077,3023,194,26,22,42,0,207,89,0,0,"No","No","No","No","No","No","Drew Butera",556,1337,1473,262,179,59,5,19,123,123,88,1,322,15,10,23,27,0,1,0.196,0.06,0.219,0.27,0.252,0.29,0.542,0.094,0.242,0.242,-4.4,45,2.3,7.5,77,73,109,78,70,60,81,0,0,0,0,0,0
"123","calhoko01",11200,"RF",0,"Modern",74,1071,28597,2232,68,35,18,0,0,0,0,0,0,"No","No","No","No","No","No","Kole Calhoun",1196,4291,4814,1042,653,198,18,173,618,557,437,15,1089,42,38,4,74,34,16,0.243,0.091,0.226,0.4,0.316,0.418,0.735,0.175,0.283,0.318,14.7,101,4,-29.3,96,110,106,99,100,107,96,0,1,0,0,0,0
"124","cervefr01",5275,"C",0,"Modern",69,647,17039,4995,389,52,43,48,0,383,118,0,0,"No","No","No","No","No","Yes","Francisco Cervelli",730,2256,2618,605,446,102,16,41,281,275,270,4,505,55,17,20,69,17,13,0.268,0.103,0.193,0.53,0.358,0.382,0.74,0.114,0.327,0.329,18,105,3.6,81.9,104,121,96,109,92,72,108,0,0,0,0,0,0
"125","chiriro01",3142,"C",0,"Modern",47,623,16464,4721,253,31,30,34,0,302,108,0,0,"No","No","No","No","No","No","Robinson Chirinos",714,2124,2457,480,266,114,5,95,275,306,231,2,664,69,18,15,47,5,4,0.226,0.094,0.27,0.35,0.319,0.419,0.738,0.193,0.278,0.321,4.2,98,2.5,-20.5,89,114,126,100,100,117,94,0,0,0,0,0,0
"126","culbech01",3298,"3B",0,"Modern",33,286,8031,472,512,31,95,0,0,0,0,0,0,"No","No","No","No","No","No","Charlie Culberson",589,1211,1311,299,200,61,8,30,140,145,68,9,337,12,6,14,33,21,10,0.247,0.052,0.257,0.2,0.292,0.385,0.677,0.138,0.316,0.291,0,76,4.9,-8.5,98,61,121,91,93,85,106,0,0,0,0,0,0
"127","davisra01",3708,"CF",0,"Modern",79,1012,28324,2396,59,36,13,0,0,0,0,0,0,"No","No","No","No","No","No","Rajai Davis",1448,4244,4607,1111,780,226,43,62,637,387,267,5,844,46,28,22,79,415,108,0.262,0.058,0.183,0.32,0.311,0.379,0.69,0.117,0.312,0.303,12.3,86,7.9,-26.2,101,70,96,96,92,75,105,0,0,0,0,0,0
"128","deazaal01",3371,"CF",0,"Modern",32,627,17201,1477,26,23,5,0,0,0,0,0,0,"No","No","No","No","No","No","Alejandro De Aza",838,2575,2878,669,454,131,33,51,367,258,225,13,622,33,18,27,32,91,44,0.26,0.078,0.216,0.36,0.325,0.396,0.721,0.136,0.322,0.316,8.3,97,6.4,-13.3,101,97,112,101,97,90,108,0,0,0,0,0,0
"129","drewst01",4251,"SS",0,"Modern",48,1125,30299,1611,3048,100,687,0,0,0,0,0,0,"No","No","No","No","No","No","Stephen Drew",1268,4403,4917,1109,665,258,63,123,565,524,435,33,926,13,44,22,50,41,19,0.252,0.088,0.188,0.47,0.318,0.423,0.741,0.171,0.29,0.321,14.8,92,4.9,33.4,96,104,103,96,101,110,96,0,0,0,0,0,0
"130","dysonja01",4866,"CF",0,"Modern",31,666,19019,1781,66,30,21,0,0,0,0,0,0,"No","No","No","No","No","No","Jarrod Dyson",992,2513,2833,612,470,83,38,21,387,185,242,8,478,21,15,42,31,266,49,0.244,0.085,0.169,0.51,0.314,0.332,0.645,0.088,0.291,0.286,13.6,76,8.8,64.8,95,103,82,97,79,54,98,0,0,0,0,0,0
"131","ellisaj01",5677,"C",0,"Modern",67,571,15320,4622,393,16,40,34,0,287,141,0,0,"No","No","No","No","No","No","A.J. Ellis",672,1948,2303,466,337,82,3,44,194,229,280,22,414,28,18,29,67,2,4,0.239,0.122,0.18,0.68,0.34,0.352,0.693,0.113,0.28,0.309,1.9,96,1.4,-20,92,148,91,105,86,74,93,0,0,0,0,0,0
"132","escobyu01",4191,"SS",0,"Modern",198,1377,36073,1698,3339,145,666,0,0,0,0,0,0,"No","No","No","No","No","No","Yunel Escobar",1434,5315,5957,1501,1141,258,12,90,689,519,509,16,686,55,27,51,198,34,32,0.282,0.085,0.115,0.74,0.35,0.386,0.736,0.104,0.309,0.327,23.2,103,2.9,41.1,108,102,61,107,93,67,103,0,0,0,0,0,0
"133","flowety01",9134,"C",0,"Modern",56,700,18726,5730,380,34,40,77,0,436,126,0,0,"No","No","No","No","No","No","Tyler Flowers",802,2456,2776,582,380,111,5,86,267,301,227,6,852,75,14,4,56,2,6,0.237,0.082,0.307,0.27,0.319,0.391,0.71,0.154,0.324,0.313,20.4,93,1.8,147.4,92,96,151,98,94,97,108,0,0,0,0,0,0
"134","gonzama01",5497,"LF",0,"Modern",91,925,25093,2483,1544,75,391,0,0,0,0,0,0,"No","No","No","No","No","No","Marwin Gonzalez",1139,3526,3882,888,590,183,8,107,420,415,261,10,812,43,14,38,91,44,28,0.252,0.067,0.209,0.32,0.31,0.399,0.709,0.147,0.298,0.308,11,94,3.5,16.2,99,81,98,97,96,89,100,0,0,0,0,0,0
"135","gosean01",5097,"CF",0,"Modern",27,312,8399,785,13,10,3,0,0,0,0,0,0,"No","No","No","No","No","No","Anthony Gose",400,1128,1252,271,193,47,19,12,155,69,101,0,353,11,1,11,27,57,23,0.24,0.081,0.282,0.29,0.309,0.348,0.656,0.107,0.339,0.292,1.8,81,7.6,-4,94,103,143,97,85,70,114,0,0,0,0,0,0
"136","gregodi01",6012,"SS",0,"Modern",50,1022,27261,1307,2673,95,503,0,0,0,0,0,0,"No","No","No","No","No","No","Didi Gregorius",1077,3893,4259,999,658,180,27,134,503,530,254,19,612,52,43,15,50,37,16,0.257,0.06,0.144,0.42,0.308,0.42,0.728,0.163,0.271,0.312,12.5,94,4.4,-11.7,101,72,68,96,100,99,91,0,0,0,0,0,0
"137","gutiefr01",3255,"CF",0,"Modern",71,767,20481,1964,29,17,7,0,0,0,0,0,0,"No","No","No","No","No","No","Franklin Gutierrez",954,3032,3335,778,522,150,9,97,394,361,228,12,736,22,22,31,71,78,19,0.257,0.068,0.221,0.31,0.311,0.408,0.719,0.151,0.307,0.314,17.4,95,4.9,67.4,97,81,123,94,97,97,103,0,1,0,0,0,0
"138","hanigry01",4952,"C",0,"Modern",55,570,15535,4440,291,20,40,39,0,240,137,0,0,"No","No","No","No","No","No","Ryan Hanigan",680,1959,2269,492,390,71,1,30,192,214,255,40,290,29,11,14,55,1,1,0.251,0.112,0.128,0.88,0.344,0.334,0.679,0.083,0.28,0.303,16.5,84,1.2,136.9,97,134,67,105,81,55,93,0,0,0,0,0,0
"139","headlch01",4720,"LF",0,"Modern",113,1327,35243,1428,2109,117,199,0,0,0,0,0,0,"No","No","No","No","No","No","Chase Headley",1436,5088,5761,1336,918,272,16,130,637,596,574,30,1298,61,35,3,113,93,29,0.263,0.1,0.225,0.44,0.342,0.399,0.741,0.136,0.326,0.327,27,107,4.1,22.4,101,120,118,105,96,89,109,0,1,0,0,1,0
"140","hundlni01",3376,"C",0,"Modern",69,819,22089,6046,454,61,55,56,0,571,203,0,0,"No","No","No","No","No","No","Nick Hundley",974,3097,3373,766,484,169,20,93,319,376,219,18,810,19,28,10,69,15,18,0.247,0.065,0.24,0.27,0.299,0.405,0.703,0.158,0.303,0.304,1.9,88,3.2,-24,95,76,124,91,98,102,100,0,0,0,0,0,0
"141","iannech01",8267,"C",0,"Modern",83,1033,27920,7633,550,44,52,68,0,607,195,0,0,"No","No","No","No","No","No","Chris Iannetta",1197,3563,4253,820,487,181,11,141,449,502,576,29,1024,69,36,9,83,11,10,0.23,0.135,0.241,0.56,0.345,0.406,0.751,0.176,0.279,0.331,7.6,100,2.4,-38.8,89,160,125,105,97,111,93,0,0,0,0,0,0
"142","jayjo02",5227,"CF",0,"Modern",90,923,25163,2096,34,9,12,0,0,0,0,0,0,"No","No","No","No","No","No","Jon Jay",1201,3838,4314,1087,840,185,25,37,532,341,285,22,716,110,26,55,90,55,33,0.283,0.066,0.166,0.4,0.348,0.373,0.721,0.09,0.338,0.319,9.7,100,4.7,-46.9,110,79,83,107,90,59,112,0,0,0,0,0,0
"143","leonsa01",5273,"C",0,"Modern",27,427,11573,4020,225,24,21,44,0,156,81,0,0,"No","No","No","No","No","No","Sandy Leon",535,1508,1685,316,223,60,2,31,154,145,132,3,435,15,9,21,27,1,1,0.21,0.078,0.258,0.3,0.278,0.314,0.592,0.104,0.271,0.262,0.9,58,1.9,51.8,83,94,120,87,74,61,91,0,0,0,0,0,0
"144","lindad01",8027,"LF",0,"Modern",117,780,20447,4959,348,34,481,0,0,0,0,0,0,"No","No","No","No","No","No","Adam Lind",1344,4577,5029,1247,776,259,12,200,588,723,393,45,945,17,39,3,117,7,5,0.272,0.078,0.188,0.42,0.33,0.465,0.795,0.193,0.302,0.341,9.6,111,2.2,-120.7,104,94,102,101,112,125,101,0,0,0,0,1,0
"145","lobatjo01",4243,"C",0,"Modern",35,328,9037,2869,184,21,21,17,0,234,61,0,0,"No","No","No","No","No","No","Jose Lobaton",419,1145,1291,244,172,47,4,21,110,107,123,5,298,7,9,7,35,0,2,0.213,0.095,0.231,0.41,0.291,0.316,0.607,0.103,0.267,0.272,2.2,69,2,34.8,83,116,116,90,77,67,89,0,0,0,0,0,0
"146","maldoma01",6887,"C",0,"Modern",71,879,23306,7558,451,57,50,59,0,274,179,0,0,"No","No","No","No","No","No","Martin Maldonado",1002,2952,3313,616,399,117,4,96,316,325,258,17,860,63,10,30,71,3,5,0.209,0.078,0.26,0.3,0.285,0.349,0.634,0.14,0.259,0.278,13.7,73,1.9,156.4,83,93,121,89,84,86,87,0,1,0,0,0,0
"147","mathije01",3448,"C",0,"Modern",39,839,22036,6295,551,57,44,55,0,473,181,0,0,"No","No","No","No","No","No","Jeff Mathis",951,2718,3015,526,353,112,8,53,255,286,205,17,872,16,25,51,39,12,8,0.194,0.068,0.289,0.24,0.252,0.299,0.551,0.106,0.26,0.243,3.7,45,3.1,136.2,74,80,151,77,72,67,87,0,0,0,0,0,0
"148","maybica01",5223,"CF",0,"Modern",87,988,26518,2440,30,30,9,0,0,0,0,0,0,"No","No","No","No","No","Yes","Cameron Maybin",1162,3824,4251,973,694,173,34,72,556,354,368,11,921,26,15,18,87,187,55,0.254,0.087,0.217,0.4,0.323,0.374,0.697,0.12,0.317,0.307,13.7,93,6.5,-1.3,99,103,109,99,90,76,105,0,0,0,0,0,0
"149","moralke01",8610,"1B",0,"Modern",170,427,11450,3573,227,23,345,0,0,0,0,0,0,"No","No","No","No","No","No","Kendrys Morales",1363,4856,5357,1289,812,257,7,213,584,740,417,39,978,48,36,0,170,6,15,0.265,0.078,0.183,0.43,0.327,0.453,0.78,0.187,0.291,0.335,8.3,110,1.6,-105.2,103,95,93,101,108,118,98,0,0,0,0,1,0
"150","morrilo01",9205,"LF",0,"Modern",68,782,20944,4950,351,38,427,0,0,0,0,0,0,"No","No","No","No","No","No","Logan Morrison",997,3331,3779,792,468,163,21,140,416,426,393,25,740,37,17,1,68,23,10,0.238,0.104,0.196,0.53,0.323,0.425,0.749,0.188,0.264,0.325,5.1,105,3.7,-89.5,93,126,98,100,103,120,88,0,0,0,0,0,0
"151","morsemi01",3035,"LF",0,"Modern",83,635,15845,2449,262,26,209,0,0,0,0,0,0,"No","No","No","No","No","No","Michael Morse",832,2569,2813,705,453,139,8,105,296,355,178,7,668,47,19,0,83,6,6,0.274,0.063,0.237,0.27,0.331,0.457,0.788,0.183,0.331,0.343,4.6,117,2.4,-73.2,105,77,126,101,112,124,110,0,0,0,0,0,0
"152","ortegra01",10323,"CF",0,"Modern",25,235,6429,500,14,9,2,0,0,0,0,0,0,"No","No","No","No","No","No","Rafael Ortega",364,1022,1148,256,189,42,4,21,120,101,106,3,214,5,7,6,25,41,18,0.25,0.092,0.186,0.5,0.322,0.361,0.683,0.111,0.296,0.301,1.3,89,4.8,-8,100,107,85,100,87,67,100,0,0,0,0,0,0
"153","parrage01",8553,"LF",0,"Modern",113,1169,32176,2635,127,46,45,0,0,0,0,0,0,"No","No","No","No","No","No","Gerardo Parra",1519,4858,5290,1335,934,269,42,90,633,532,318,49,920,40,39,35,113,97,55,0.275,0.06,0.174,0.35,0.322,0.403,0.725,0.128,0.32,0.313,9.2,88,5.2,12.6,106,71,89,98,97,83,106,0,1,0,0,0,0
"154","pearcst01",9957,"LF",0,"Modern",53,528,13743,2375,255,24,190,0,0,0,0,0,0,"No","No","No","No","No","No","Steve Pearce",766,2256,2555,572,342,131,8,91,290,303,240,8,509,36,19,3,53,13,7,0.254,0.094,0.199,0.47,0.332,0.44,0.772,0.186,0.287,0.336,7.6,110,3.1,-43.1,99,114,101,103,106,119,96,0,0,0,1,0,0
"155","pennicl01",3395,"SS",0,"Modern",40,752,20841,1167,2251,98,490,0,0,0,0,0,0,"No","No","No","No","No","No","Cliff Pennington",971,2799,3142,678,501,120,21,36,324,242,266,8,619,15,20,42,40,84,28,0.242,0.085,0.197,0.43,0.309,0.339,0.648,0.096,0.297,0.289,7.1,79,5.3,30.4,93,103,104,95,82,63,100,0,0,0,0,0,0
"156","pinama01",2829,"C",0,"Modern",29,294,7897,2611,164,20,18,12,0,133,73,0,0,"No","No","No","No","No","No","Manny Pina",414,1114,1243,271,172,55,2,42,132,148,94,4,258,23,10,2,29,4,1,0.243,0.076,0.208,0.36,0.313,0.409,0.722,0.166,0.278,0.311,6.3,90,2.7,43,95,84,96,95,96,96,92,0,0,0,0,0,0
"157","profaju01",10815,"LF",0,"Modern",55,680,18180,1385,874,64,232,0,0,0,0,0,0,"No","No","No","No","No","No","Jurickson Profar",836,2724,3102,648,416,139,15,78,379,313,304,4,501,43,15,15,55,46,14,0.238,0.098,0.162,0.61,0.322,0.386,0.708,0.148,0.264,0.311,6.1,94,4.8,-26.7,95,116,74,101,93,88,89,0,0,0,0,0,0
"158","raburry01",2218,"LF",0,"Modern",58,556,14798,1062,382,56,92,0,0,0,0,0,0,"No","No","No","No","No","No","Ryan Raburn",947,2472,2734,626,373,147,13,93,340,358,210,10,683,26,17,9,58,16,10,0.253,0.077,0.25,0.31,0.316,0.436,0.752,0.183,0.311,0.327,5,99,3.8,-50.5,97,92,135,97,105,119,104,0,0,0,0,0,0
"159","reddijo01",3892,"RF",0,"Modern",75,1120,30182,2223,71,46,14,0,0,0,0,0,0,"No","No","No","No","No","No","Josh Reddick",1305,4408,4879,1157,759,219,33,146,597,575,393,21,791,7,46,6,75,61,18,0.262,0.081,0.162,0.5,0.321,0.426,0.747,0.164,0.287,0.322,19.9,104,4.7,-13.2,103,99,80,100,102,103,97,0,1,0,0,0,0
"160","reynoma01",7619,"3B",0,"Modern",117,1420,37974,6456,1617,175,766,0,0,0,0,0,0,"No","No","No","No","No","No","Mark Reynolds",1688,5432,6243,1283,718,253,14,298,794,871,707,26,1927,56,45,3,117,64,31,0.236,0.113,0.309,0.37,0.328,0.453,0.78,0.216,0.303,0.338,10.8,103,3.7,-108,90,132,164,99,108,138,101,0,0,0,0,0,0
"161","riverre01",3648,"C",0,"Modern",30,435,11701,3734,280,36,31,41,0,237,136,0,0,"No","No","No","No","No","No","Rene Rivera",542,1492,1629,330,220,65,2,43,120,176,93,10,446,17,10,17,30,1,1,0.221,0.057,0.274,0.21,0.273,0.354,0.627,0.133,0.283,0.273,8.6,70,1.4,97.5,86,69,138,84,85,84,94,0,0,0,0,0,0
"162","rodrise01",6589,"LF",0,"Modern",57,637,18933,1757,1339,63,354,0,0,0,0,0,0,"No","No","No","No","No","No","Sean Rodriguez",1103,2572,2913,580,361,124,14,81,344,298,225,8,775,62,17,37,57,42,19,0.226,0.077,0.266,0.29,0.301,0.379,0.681,0.154,0.288,0.3,7.5,88,5,13.1,87,92,138,93,92,100,96,0,0,0,0,0,0
"163","rominan01",1159,"SS",0,"Modern",26,324,9936,780,756,33,184,0,0,0,0,0,0,"No","No","No","No","No","No","Andrew Romine",613,1262,1391,294,237,41,5,11,157,86,86,1,312,13,4,26,26,40,12,0.233,0.062,0.224,0.28,0.288,0.3,0.587,0.067,0.3,0.263,0.3,62,5.5,13.8,91,76,109,90,72,41,101,0,0,0,0,0,0
"164","rominau01",5491,"C",0,"Modern",47,373,10173,3336,207,14,23,25,0,185,65,0,0,"No","No","No","No","No","No","Austin Romine",485,1352,1449,311,215,64,1,31,141,166,69,1,366,6,12,10,47,4,1,0.23,0.048,0.253,0.19,0.268,0.348,0.616,0.118,0.29,0.267,-1.3,64,2.6,10.3,91,57,116,84,82,69,98,0,0,0,0,0,0
"165","rosalad01",9682,"2B",0,"Modern",32,417,11785,991,981,44,243,0,0,0,0,0,0,"No","No","No","No","No","No","Adam Rosales",653,1621,1807,367,244,69,6,48,186,179,135,5,451,20,17,13,32,17,12,0.226,0.075,0.25,0.3,0.291,0.365,0.656,0.139,0.28,0.288,2.1,77,3.6,5.4,87,89,128,89,88,88,94,0,0,0,0,0,0
"166","rufda01",9929,"LF",0,"Modern",39,320,8452,1657,110,10,140,0,0,0,0,0,0,"No","No","No","No","No","No","Darin Ruf",562,1420,1633,340,204,66,3,67,195,202,172,4,444,25,15,1,39,6,1,0.239,0.105,0.272,0.39,0.329,0.432,0.761,0.192,0.295,0.331,3.5,111,2.9,-35.3,95,124,130,102,106,124,99,0,0,0,0,0,0
"167","ruggiju01",7620,"CF",0,"Modern",23,321,9035,760,11,11,1,0,0,0,0,0,0,"No","No","No","No","No","No","Justin Ruggiano",483,1340,1479,343,214,72,4,53,164,163,114,1,394,12,7,4,23,40,25,0.256,0.077,0.266,0.29,0.318,0.434,0.753,0.178,0.322,0.329,5,108,4.3,-7,99,96,139,98,107,120,107,0,0,0,0,0,0
"168","saltaja01",5557,"C",0,"Modern",48,741,19866,5428,319,74,67,56,0,536,150,0,0,"No","No","No","No","No","No","Jarrod Saltalamacchia",895,2852,3191,662,385,161,6,110,377,381,304,12,984,10,21,4,48,5,7,0.232,0.095,0.308,0.31,0.306,0.408,0.715,0.176,0.31,0.313,5.1,90,2.4,-17.2,89,117,164,94,99,116,104,0,0,0,0,0,0
"169","simmoan01",10847,"SS",0,"Modern",163,1190,31333,1779,3382,101,788,0,0,0,0,0,0,"No","No","No","No","No","No","Andrelton Simmons",1226,4441,4816,1169,875,201,23,70,501,444,304,15,461,26,29,16,163,72,24,0.263,0.063,0.096,0.66,0.312,0.366,0.678,0.103,0.279,0.297,25,86,4.5,172.4,103,77,46,97,88,65,93,0,4,0,0,0,0
"170","smithse01",7331,"LF",0,"Modern",75,787,20270,1454,40,15,6,0,0,0,0,0,0,"No","No","No","No","No","No","Seth Smith",1249,3582,4084,934,553,224,31,126,525,458,431,33,797,38,30,2,75,22,7,0.261,0.106,0.195,0.54,0.344,0.446,0.79,0.185,0.3,0.342,13.3,112,4.3,-55.3,101,128,101,106,108,121,100,0,0,0,0,0,0
"171","sogarer01",7927,"2B",0,"Modern",42,568,15725,1009,1549,48,325,0,0,0,0,0,0,"No","No","No","No","No","No","Eric Sogard",815,2236,2493,551,410,104,11,26,267,187,207,9,342,17,14,19,42,46,15,0.246,0.083,0.137,0.61,0.313,0.338,0.651,0.091,0.279,0.288,4.8,80,4.8,17.5,97,99,66,97,81,55,94,0,0,0,0,0,0
"172","solando01",8623,"2B",0,"Modern",44,463,12541,936,1204,39,275,0,0,0,0,0,0,"No","No","No","No","No","No","Donovan Solano",686,2058,2247,572,436,101,8,27,205,206,129,7,404,29,17,14,44,13,4,0.278,0.057,0.18,0.32,0.327,0.374,0.701,0.096,0.332,0.307,5.5,93,3.2,4.8,110,68,86,101,91,60,111,0,0,0,0,1,0
"173","spande01",8347,"CF",0,"Modern",86,1275,34083,3198,46,30,19,0,0,0,0,0,0,"No","No","No","No","No","No","Denard Span",1359,5326,5956,1498,1090,265,72,71,773,490,515,9,716,36,27,52,86,185,59,0.281,0.086,0.12,0.72,0.347,0.398,0.745,0.117,0.313,0.329,27.1,105,6.5,-3,108,103,63,106,96,75,104,0,0,0,0,0,0
"174","stewach01",3878,"C",0,"Modern",25,349,9618,2926,241,36,22,41,0,222,88,0,0,"No","No","No","No","No","No","Chris Stewart",457,1184,1334,272,219,42,2,9,106,90,99,9,191,18,10,23,25,6,1,0.23,0.074,0.143,0.52,0.297,0.291,0.588,0.062,0.265,0.264,9.1,63,2.6,101.1,89,90,73,91,71,41,88,0,0,0,0,0,0
"175","valbulu01",4969,"3B",0,"Modern",57,846,22714,1503,1714,72,339,0,0,0,0,0,0,"No","No","No","No","No","No","Luis Valbuena",1011,3148,3571,710,418,169,9,114,377,367,374,17,788,19,21,9,57,11,16,0.226,0.105,0.221,0.47,0.31,0.394,0.703,0.168,0.263,0.308,7.8,93,2.6,-0.6,87,129,112,96,95,108,88,0,0,0,0,0,0
"176","walkene01",7539,"2B",0,"Modern",97,1176,31283,2761,2944,65,730,0,0,0,0,0,0,"No","No","No","No","No","No","Neil Walker",1306,4583,5152,1224,815,238,22,149,611,609,460,27,931,55,44,10,97,32,22,0.267,0.089,0.181,0.49,0.338,0.426,0.764,0.159,0.303,0.333,20,111,3.5,-37,103,106,91,104,103,103,100,0,0,0,0,1,0
"177","wilsobo02",6564,"C",0,"Modern",27,295,8003,2347,145,13,19,14,0,195,63,0,0,"No","No","No","No","No","No","Bobby Wilson",386,932,1047,189,131,40,0,18,83,102,70,1,227,3,10,32,27,0,3,0.203,0.067,0.217,0.31,0.258,0.304,0.562,0.101,0.245,0.249,2,52,1.5,46.1,79,83,109,80,73,64,83,0,0,0,0,0,0
